Loc,Item,Description,,,,,,,,,,,,,,,,,,,
160000,063591,GR-PENN ALO LITTLE BUNNY,,,,,,,,,,,,,,,,,,,
160000,06359UT,GR-PENN ALO LITTLE BUNNY,,,,,,,,,,,,,,,,,,,
160000,049931,GR-RHODOCOMA CAPENSIS,,,,,,,,,,,,,,,,,,,
160000,033202,GUNNERA TINCTORIA,,,,,,,,,,,,,,,,,,,
160000,033205,GUNNERA TINCTORIA,,,,,,,,,,,,,,,,,,,
160000,039285,HAMAMELIS X INT ARNOLD PROMISE,,,,,,,,,,,,,,,,,,,
160000,039235,HAMAMELIS X INT JELENA,,,,,,,,,,,,,,,,,,,
160000,056051,HEBE BARNETTII,,,,,,,,,,,,,,,,,,,
160000,050921,HEBE IMBRICATA,,,,,,,,,,,,,,,,,,,
160000,050961,HEBE JASPER,,,,,,,,,,,,,,,,,,,
160000,05096UT,HEBE JASPER,,,,,,,,,,,,,,,,,,,
160000,051031,HEBE PIMELEOIDES QUICKSILVER,,,,,,,,,,,,,,,,,,,
160000,039462,HEBE PING SUTHERLANDII,,,,,,,,,,,,,,,,,,,
160000,05104UT,HEBE PINGUIFOLIA PAGEI,,,,,,,,,,,,,,,,,,,
160000,412821,HELENIUM AUT CAN CAN,,,,,,,,,,,,,,,,,,,
160000,413081,HELIOPSIS HEL SUNSTRUCK P25524,,,,,,,,,,,,,,,,,,,
160000,096141,HELLE WJEWELS R HARLEQUIN GEM,,,,,,,,,,,,,,,,,,,
160000,075431,HELLEBORUS X DOUBLE FANTASY,,,,,,,,,,,,,,,,,,,
160000,040511,HEM HAPPY RETURNS,,,,,,,,,,,,,,,,,,,
160000,040512,HEM HAPPY RETURNS,,,,,,,,,,,,,,,,,,,
160000,040071,HEM JOAN SENIOR,,,,,,,,,,,,,,,,,,,
160000,040131,HEM MINI PEARL,,,,,,,,,,,,,,,,,,,
160000,083984PTC,HEM PINK PLAYMATE,,,,,,,,,,,,,,,,,,,
160000,040631,HEM PRAIRIE BLUE EYES,,,,,,,,,,,,,,,,,,,
160000,083941,HEM SILOAM GUMDROP,,,,,,,,,,,,,,,,,,,
160000,006631,HEM STRAWBERRY CANDY,,,,,,,,,,,,,,,,,,,
160000,083931,HEM SWIRLING WATER,,,,,,,,,,,,,,,,,,,
160000,064181,HESPERALOE BRK LIGHTS R P21729,,,,,,,,,,,,,,,,,,,
160000,403231,HEUCHERA BERRY SMOOTHIE P21871,,,,,,,,,,,,,,,,,,,
160000,097171,HEUCHERA CARNIVAL RSE GRNT PAF,,,,,,,,,,,,,,,,,,,
160000,036711,HEUCHERA CAROLINE PP20026,,,,,,,,,,,,,,,,,,,
160000,054911,HEUCHERA FIRE CHIEF PP21880,,,,,,,,,,,,,,,,,,,
160000,023101,HEUCHERA FROSTED VIOLET P15085,,,,,,,,,,,,,,,,,,,
160000,047531,HEUCHERA GEORGIA PEACH PP19375,,,,,,,,,,,,,,,,,,,
160000,018661,HEUCHERA GREEN SPICE,,,,,,,,,,,,,,,,,,,
160000,028871,HEUCHERA MARMALADE PP15945,,,,,,,,,,,,,,,,,,,
160000,045721,HEUCHERA MIDNIGHT ROSE PP18551,,,,,,,,,,,,,,,,,,,
160000,040451,HEUCHERA PALACE PURPLE,,,,,,,,,,,,,,,,,,,
160000,047541,HEUCHERA PEACH FLAMBEE PP17195,,,,,,,,,,,,,,,,,,,
160000,046641,HEUCHERA VIL CARAMEL PP16560,,,,,,,,,,,,,,,,,,,
160000,054481,HEUCHERELLA GOLD ZEBRA PPAF,,,,,,,,,,,,,,,,,,,
160000,076241,HEUCHERELLA REDSTN FLLS P22394,,,,,,,,,,,,,,,,,,,
160000,407761,HEUCHERELLA SOLAR ECLIPSE,,,,,,,,,,,,,,,,,,,
160000,041171,HEUCHERELLA SWEET TEA PPAF,,,,,,,,,,,,,,,,,,,
160000,056365,HOLBOELLIA COR CATHEDRAL GEM,,,,,,,,,,,,,,,,,,,
160000,056375,HOLBOELLIA LATIFOLIA RITAK,,,,,,,,,,,,,,,,,,,
160000,031872,HOSTA ABIQUA DRINKING GOURD,,,,,,,,,,,,,,,,,,,
160000,036984PTC,HOSTA APHRODITE,,,,,,,,,,,,,,,,,,,
160000,093061,HOSTA ENTERPRISE,,,,,,,,,,,,,,,,,,,
160000,093062,HOSTA ENTERPRISE,,,,,,,,,,,,,,,,,,,
160000,041472,HOSTA EOLA SAPPHIRE,,,,,,,,,,,,,,,,,,,
160000,075111,HOSTA FANTASY ISLAND,,,,,,,,,,,,,,,,,,,
160000,075112,HOSTA FANTASY ISLAND,,,,,,,,,,,,,,,,,,,
160000,041862,HOSTA FLUCTUANS VARIEG (SAGAE),,,,,,,,,,,,,,,,,,,
160000,041695,HOSTA FRANCEE,,,,,,,,,,,,,,,,,,,
160000,041532,HOSTA GINKO CRAIG,,,,,,,,,,,,,,,,,,,
160000,04153UT,HOSTA GINKO CRAIG,,,,,,,,,,,,,,,,,,,
160000,041771,HOSTA GOLDEN PRAYERS,,,,,,,,,,,,,,,,,,,
160000,019911,HOSTA GREAT EXPECTATIONS,,,,,,,,,,,,,,,,,,,
160000,017522,HOSTA GUACAMOLE,,,,,,,,,,,,,,,,,,,
160000,017525,HOSTA GUACAMOLE,,,,,,,,,,,,,,,,,,,
160000,041822,HOSTA KROSSA REGAL,,,,,,,,,,,,,,,,,,,
160000,041825,HOSTA KROSSA REGAL,,,,,,,,,,,,,,,,,,,
160000,006982,HOSTA MINUTEMAN,,,,,,,,,,,,,,,,,,,
160000,028392,HOSTA OLIVE BAILEY LANGDON,,,,,,,,,,,,,,,,,,,
160000,028395,HOSTA OLIVE BAILEY LANGDON,,,,,,,,,,,,,,,,,,,
160000,041882,HOSTA PATRIOT,,,,,,,,,,,,,,,,,,,
160000,007012,HOSTA REGAL SPLENDOR,,,,,,,,,,,,,,,,,,,
160000,039472,HOSTA ROSEDALE GOLDEN GOOSE,,,,,,,,,,,,,,,,,,,
160000,039475,HOSTA ROSEDALE GOLDEN GOOSE,,,,,,,,,,,,,,,,,,,
160000,075161,HOSTA THE RAZOR'S EDGE,,,,,,,,,,,,,,,,,,,
160000,075162,HOSTA THE RAZOR'S EDGE,,,,,,,,,,,,,,,,,,,
160000,016305,HOSTA TOKUDAMA FLAVOCIRCINALIS,,,,,,,,,,,,,,,,,,,
160000,041851,HOSTA WIDE BRIM,,,,,,,,,,,,,,,,,,,
160000,041852,HOSTA WIDE BRIM,,,,,,,,,,,,,,,,,,,
160000,088402,HUMULUS X NEWPORT,,,,,,,,,,,,,,,,,,,
160000,074532S,HYD A INVINCE SPIRIT R PP20765,,,,,,,,,,,,,,,,,,,
160000,063832,HYD ANG GOLDEN CRANE R,,,,,,,,,,,,,,,,,,,
160000,063835,HYD ANG GOLDEN CRANE R,,,,,,,,,,,,,,,,,,,
160000,041712,HYD ARB ANNABELLE,,,,,,,,,,,,,,,,,,,
160000,056452,HYD ASPERA PLUM PASSION R,,,,,,,,,,,,,,,,,,,
160000,056455,HYD ASPERA PLUM PASSION R,,,,,,,,,,,,,,,,,,,
160000,092752,HYD BLUE ENCHANTRESS R PP25209,,,,,,,,,,,,,,,,,,,
160000,092755,HYD BLUE ENCHANTRESS R PP25209,,,,,,,,,,,,,,,,,,,
160000,075631,HYD INTEG TAIPING SHAN CLIMBNG,,,,,,,,,,,,,,,,,,,
160000,075632,HYD INTEG TAIPING SHAN CLIMBNG,,,,,,,,,,,,,,,,,,,
160000,074561S,HYD MAC CTYLN TM PARIS PP10906,,,,,,,,,,,,,,,,,,,
160000,074541S,HYD MAC CTYLN TM RIO,,,,,,,,,,,,,,,,,,,
160000,074542S,HYD MAC CTYLN TM RIO,,,,,,,,,,,,,,,,,,,
160000,074592S,HYD MAC LD R MOONLIGHT PP20020,,,,,,,,,,,,,,,,,,,
160000,074595,HYD MAC LD R MOONLIGHT PP20020,,,,,,,,,,,,,,,,,,,
160000,086312S,HYD MAC LD R RHYTHMIC BLUE PAF,,,,,,,,,,,,,,,,,,,
160000,074582S,HYD MAC LD R STARLIGHT PP20019,,,,,,,,,,,,,,,,,,,
160000,074585,HYD MAC LD R STARLIGHT PP20019,,,,,,,,,,,,,,,,,,,
160000,038775,HYD MAC MINI PENNY TM PP15744,,,,,,,,,,,,,,,,,,,
160000,089932S,HYD MAC PARAPLU TM PPAF,,,,,,,,,,,,,,,,,,,
160000,023755,HYD MAC PENNY MAC,,,,,,,,,,,,,,,,,,,
160000,042022,HYD PAN ANGEL'S BLUSH R P10751,,,,,,,,,,,,,,,,,,,
160000,042025,HYD PAN ANGEL'S BLUSH R P10751,,,,,,,,,,,,,,,,,,,
160000,024372S,HYD PAN LIMELIGHT PP12874,,,,,,,,,,,,,,,,,,,
160000,024375,HYD PAN LIMELIGHT PP12874,,,,,,,,,,,,,,,,,,,
160000,074611S,HYD PAN PINKY WINKY TM PP16166,,,,,,,,,,,,,,,,,,,
160000,035011,HYD PET MIRANDA,,,,,,,,,,,,,,,,,,,
160000,035012,HYD PET MIRANDA,,,,,,,,,,,,,,,,,,,
160000,035015,HYD PET MIRANDA,,,,,,,,,,,,,,,,,,,
160000,041701,HYD PETIOLARIS,,,,,,,,,,,,,,,,,,,
160000,041702,HYD PETIOLARIS,,,,,,,,,,,,,,,,,,,
160000,041705,HYD PETIOLARIS,,,,,,,,,,,,,,,,,,,
160000,041705TE,HYD PETIOLARIS,,,,,,,,,,,,,,,,,,,
160000,056482,HYD SERRATA CHIRI-SAN SUE (DH),,,,,,,,,,,,,,,,,,,
160000,056485,HYD SERRATA CHIRI-SAN SUE (DH),,,,,,,,,,,,,,,,,,,
160000,065381,HYPERICUM AN IGNITE RED P19468,,,,,,,,,,,,,,,,,,,
160000,065382,HYPERICUM AN IGNITE RED P19468,,,,,,,,,,,,,,,,,,,
160000,042131,HYPERICUM FRONDOSUM SUNBURST,,,,,,,,,,,,,,,,,,,
160000,080891S,HYPERICUM K BLUES FSTVL TM PAF,,,,,,,,,,,,,,,,,,,
160000,042607,ILEX AQ ARGENTEOMARGINATA,,,,,,,,,,,,,,,,,,,
160000,042609,ILEX AQ ARGENTEOMARGINATA,,,,,,,,,,,,,,,,,,,
160000,043055,ILEX AQ GOLD COAST R,,,,,,,,,,,,,,,,,,,
160000,044931,ILEX CREN SKY PENCIL(SKY SNTRY,,,,,,,,,,,,,,,,,,,
160000,044937,ILEX CREN SKY PENCIL(SKY SNTRY,,,,,,,,,,,,,,,,,,,
160000,007595,ILEX CREN SOFT TOUCH,,,,,,,,,,,,,,,,,,,
160000,092652,ILEX EMRLD COLONNADE R PP23905,,,,,,,,,,,,,,,,,,,
160000,092655,ILEX EMRLD COLONNADE R PP23905,,,,,,,,,,,,,,,,,,,
160000,086345,ILEX VERT BERRY POPPINS R,,,,,,,,,,,,,,,,,,,
160000,086355,ILEX VERT MR POPPINS R,,,,,,,,,,,,,,,,,,,
160000,045135,ILEX X BERRI-MAGIC R ROYALTY,,,,,,,,,,,,,,,,,,,
160000,045105,ILEX X BLUE GIRL,,,,,,,,,,,,,,,,,,,
160000,045172,ILEX X BLUE PRINCESS,,,,,,,,,,,,,,,,,,,
160000,031155,ILEX X HONEY MAID PP12060,,,,,,,,,,,,,,,,,,,
160000,045351,ILEX X LITTLE RASCAL R P9999,,,,,,,,,,,,,,,,,,,
160000,045353,ILEX X LITTLE RASCAL R P9999,,,,,,,,,,,,,,,,,,,
160000,019652,ILEX X RED BEAUTY R PP14750,,,,,,,,,,,,,,,,,,,
160000,019655,ILEX X RED BEAUTY R PP14750,,,,,,,,,,,,,,,,,,,
160000,021091,ILEX X SCALLYWAG TM PP21941,,,,,,,,,,,,,,,,,,,
160000,021092,ILEX X SCALLYWAG TM PP21941,,,,,,,,,,,,,,,,,,,
160000,046361,IRIS SIB BENNERUP BLUE,,,,,,,,,,,,,,,,,,,
160000,046475,IRIS SIB ERIC THE RED,,,,,,,,,,,,,,,,,,,
160000,046011,IRIS SIB RUFFLED VELVET,,,,,,,,,,,,,,,,,,,
160000,046015,IRIS SIB RUFFLED VELVET,,,,,,,,,,,,,,,,,,,
160000,084655,JUN C DAUB'S FROSTED,,,,,,,,,,,,,,,,,,,
160000,084905,JUN COMMUNIS VAR MONTANA,,,,,,,,,,,,,,,,,,,
160000,049251,JUN H BLUE CHIP,,,,,,,,,,,,,,,,,,,
160000,049255,JUN H BLUE CHIP,,,,,,,,,,,,,,,,,,,
160000,053391,JUN SQUA BLUE STAR,,,,,,,,,,,,,,,,,,,
160000,053392,JUN SQUA BLUE STAR,,,,,,,,,,,,,,,,,,,
160000,053395,JUN SQUA BLUE STAR,,,,,,,,,,,,,,,,,,,
160000,053395PT,JUN SQUA BLUE STAR,,,,,,,,,,,,,,,,,,,
160000,054191,KERRIA J PLENIFLORA,,,,,,,,,,,,,,,,,,,
160000,054195,KERRIA J PLENIFLORA,,,,,,,,,,,,,,,,,,,
160000,086671,KNIPH LEMON POPSICLE TM PPAF,,,,,,,,,,,,,,,,,,,
160000,080251,KNIPH MANGO POPSICLE TM PPAF,,,,,,,,,,,,,,,,,,,
160000,080262,KNIPH PINEAPPL POPSICLE TM PAF,,,,,,,,,,,,,,,,,,,
160000,080271,KNIPH REDHOT POPSICLE TM PPAF,,,,,,,,,,,,,,,,,,,
160000,043121,KNIPHOFIA HIR FIRE DANCE,,,,,,,,,,,,,,,,,,,
160000,054335,LABURNUM X WAT VOSSII,,,,,,,,,,,,,,,,,,,
160000,024901,LAMIUM M PURPLE DRAGON P15890,,,,,,,,,,,,,,,,,,,
160000,02490UT,LAMIUM M PURPLE DRAGON P15890,,,,,,,,,,,,,,,,,,,
160000,009081,LAMIUM ORCHID FROST PP11122,,,,,,,,,,,,,,,,,,,
160000,057265,LARIX DECIDUA,,,,,,,,,,,,,,,,,,,
160000,052567,LARIX KAEMPHERI DIANA,,,,,,,,,,,,,,,,,,,
160000,057291,LAURUS NOBILIS,,,,,,,,,,,,,,,,,,,
160000,057295,LAURUS NOBILIS,,,,,,,,,,,,,,,,,,,
160000,021471,LAURUS NOBILIS EMERALD WAVE R,,,,,,,,,,,,,,,,,,,
160000,021472,LAURUS NOBILIS EMERALD WAVE R,,,,,,,,,,,,,,,,,,,
160000,021475,LAURUS NOBILIS EMERALD WAVE R,,,,,,,,,,,,,,,,,,,
160000,02147UT,LAURUS NOBILIS EMERALD WAVE R,,,,,,,,,,,,,,,,,,,
160000,074231,LAVAN INT RIVERINA TM THOMAS,,,,,,,,,,,,,,,,,,,
160000,086691,LAVAN PEN WITH LOVE TM PP22709,,,,,,,,,,,,,,,,,,,
160000,009161,LAVANDULA ANG HIDCOTE,,,,,,,,,,,,,,,,,,,
160000,028481,LAVANDULA THUMBELINA LE P15231,,,,,,,,,,,,,,,,,,,
160000,028131,LAVANDULA X INT PROVENCE,,,,,,,,,,,,,,,,,,,
160000,060321,LEUCOSCEPTRUM JAP GOLDEN ANGEL,,,,,,,,,,,,,,,,,,,
160000,060325,LEUCOSCEPTRUM JAP GOLDEN ANGEL,,,,,,,,,,,,,,,,,,,
160000,057881,LIATRIS SPI KOBOLD,,,,,,,,,,,,,,,,,,,
160000,033342,LIGULARIA PRZEWALSKI,,,,,,,,,,,,,,,,,,,
160000,058455,LIGUSTRUM VULGARE LODENSE,,,,,,,,,,,,,,,,,,,
160000,058805,LIRIODENDRON MAJESTIC BEAUTY R,,,,,,,,,,,,,,,,,,,
160000,036805,LIRIODENDRON TULIPIFERA ARNOLD,,,,,,,,,,,,,,,,,,,
160000,058941,LITHODORA GRACE WARD,,,,,,,,,,,,,,,,,,,
160000,404612,LOBELIA SPEC FAN SCARLET,,,,,,,,,,,,,,,,,,,
160000,072511,LOBELIA X SPE RUSSIAN PRINCESS,,,,,,,,,,,,,,,,,,,
160000,059055ST,LONICERA JAP HALLIANA,,,,,,,,,,,,,,,,,,,
160000,059185,LONICERA PER BERRIES JUBILEE R,,,,,,,,,,,,,,,,,,,
160000,067835,LONICERA SEMP MAJOR WHEELER,,,,,,,,,,,,,,,,,,,
160000,059905,MAG LILIFLORA NIGRA,,,,,,,,,,,,,,,,,,,
160000,060401,MAG STELLATA ROYAL STAR,,,,,,,,,,,,,,,,,,,
160000,060405,MAG STELLATA ROYAL STAR,,,,,,,,,,,,,,,,,,,
160000,06040M,MAG STELLATA ROYAL STAR,,,,,,,,,,,,,,,,,,,
160000,059585TR,MAG X BLACK TULIP PPAF,,,,,,,,,,,,,,,,,,,
160000,059587TR,MAG X BLACK TULIP PPAF,,,,,,,,,,,,,,,,,,,
160000,059425TR,MAG X ELIZABETH,,,,,,,,,,,,,,,,,,,
160000,059427TR,MAG X ELIZABETH,,,,,,,,,,,,,,,,,,,
160000,060195TR,MAG X YELLOW BIRD,,,,,,,,,,,,,,,,,,,
160000,060701,MAHONIA AQUIFOLIUM,,,,,,,,,,,,,,,,,,,
160000,060931,MAHONIA NERVOSA,,,,,,,,,,,,,,,,,,,
160000,060932,MAHONIA NERVOSA,,,,,,,,,,,,,,,,,,,
160000,060951,MAHONIA REPENS,,,,,,,,,,,,,,,,,,,
160000,036652,MAHONIA X CHARITY,,,,,,,,,,,,,,,,,,,
160000,036655,MAHONIA X CHARITY,,,,,,,,,,,,,,,,,,,
160000,053582,MAHONIA X MED LIONEL FORTESCUE,,,,,,,,,,,,,,,,,,,
160000,053585,MAHONIA X MED LIONEL FORTESCUE,,,,,,,,,,,,,,,,,,,
160000,030575,MALUS CENTURION R,,,,,,,,,,,,,,,,,,,
160000,018325,MALUS SARGENTII TINA,,,,,,,,,,,,,,,,,,,
160000,061145,MALUS X PRAIRIFIRE,,,,,,,,,,,,,,,,,,,
160000,047222,METAPANAX DAVIDII 8131 DJHC8,,,,,,,,,,,,,,,,,,,
160000,036165,METASEQUOIA G OGON GOLD RUSH,,,,,,,,,,,,,,,,,,,
160000,046701,MONARDA D FIREBALL P14235,,,,,,,,,,,,,,,,,,,
160000,025861,MONARDA RASPBERRY WINE,,,,,,,,,,,,,,,,,,,
160000,062185,MYRICA PENSYLVANICA,,,,,,,,,,,,,,,,,,,
160000,062225,NAND D SIENNA SUNRISE R P14693,,,,,,,,,,,,,,,,,,,
160000,081625,NAND DOM EMERALD SEA,,,,,,,,,,,,,,,,,,,
160000,062332,NAND DOM HARBOUR DWARF,,,,,,,,,,,,,,,,,,,
160000,062217,NAND DOM PLUM PASSION R P12069,,,,,,,,,,,,,,,,,,,
160000,082581,NEPETA LITTLE TRUDY R PP18904,,,,,,,,,,,,,,,,,,,
160000,085745,OLEA EUR ARBEQUINA (FRUITING),,,,,,,,,,,,,,,,,,,
160000,055661,OPHIOPOGON FORMOSANUM,,,,,,,,,,,,,,,,,,,
160000,063231,OSMANTHUS HET GOSHIKI,,,,,,,,,,,,,,,,,,,
160000,063232,OSMANTHUS HET GOSHIKI,,,,,,,,,,,,,,,,,,,
160000,063232CN,OSMANTHUS HET GOSHIKI,,,,,,,,,,,,,,,,,,,
160000,063235,OSMANTHUS HET GOSHIKI,,,,,,,,,,,,,,,,,,,
160000,063235CN,OSMANTHUS HET GOSHIKI,,,,,,,,,,,,,,,,,,,
160000,06323UT,OSMANTHUS HET GOSHIKI,,,,,,,,,,,,,,,,,,,
160000,077131,OSTEO AVALANCHE PP22705,,,,,,,,,,,,,,,,,,,
160000,079331,OSTEO LAVENDER MIST R,,,,,,,,,,,,,,,,,,,
160000,079351,OSTEO PURPLE MOUNTAIN R,,,,,,,,,,,,,,,,,,,
160000,063351,PACHYSANDRA TERM GREEN SHEEN,,,,,,,,,,,,,,,,,,,
160000,06335UT,PACHYSANDRA TERM GREEN SHEEN,,,,,,,,,,,,,,,,,,,
160000,093191,PACHYSANDRA WINDCLIFF FRAGRANT,,,,,,,,,,,,,,,,,,,
160000,081521S,PARTH Q RED WALL TM PPAF,,,,,,,,,,,,,,,,,,,
160000,081522S,PARTH Q RED WALL TM PPAF,,,,,,,,,,,,,,,,,,,
160000,081525,PARTH Q RED WALL TM PPAF,,,,,,,,,,,,,,,,,,,
160000,002505,PARTH TRI VEITCHII,,,,,,,,,,,,,,,,,,,
160000,409001,PENST ROCK CANDY TM PINK PPAF,,,,,,,,,,,,,,,,,,,
160000,409011,PENST ROCK CANDY TM PRPL PPAF,,,,,,,,,,,,,,,,,,,
160000,066811,PENSTEMON X PRETTY PETTICOAT,,,,,,,,,,,,,,,,,,,
160000,064211,PEROVSKIA ATRIPLICIFOLIA,,,,,,,,,,,,,,,,,,,
160000,064212,PEROVSKIA ATRIPLICIFOLIA,,,,,,,,,,,,,,,,,,,
160000,064215,PEROVSKIA ATRIPLICIFOLIA,,,,,,,,,,,,,,,,,,,
160000,405201,PHLOX PAN BUBBLEGUM PINK,,,,,,,,,,,,,,,,,,,
160000,405221,PHLOX PAN CORAL CREME DROP,,,,,,,,,,,,,,,,,,,
160000,405231,PHLOX PAN GRAPE LOLLIPOP,,,,,,,,,,,,,,,,,,,
160000,064341,PHLOX SUB CANDY STRIPE,,,,,,,,,,,,,,,,,,,
160000,06445UT,PHLOX SUB EMERALD BLUE,,,,,,,,,,,,,,,,,,,
160000,06460UT,PHLOX SUB RED WINGS,,,,,,,,,,,,,,,,,,,
160000,085861,PHYGELIUS CAPENSIS MAGENTA,,,,,,,,,,,,,,,,,,,
160000,034655,PHYSOCARPUS CENTER GLOW P16894,,,,,,,,,,,,,,,,,,,
160000,063935,PHYSOCARPUS DIABOLO R P11211,,,,,,,,,,,,,,,,,,,
160000,068262,PHYSOCARPUS OPU DART'S GOLD,,,,,,,,,,,,,,,,,,,
160000,068265,PHYSOCARPUS OPU DART'S GOLD,,,,,,,,,,,,,,,,,,,
160000,064525,PICEA ABIES,,,,,,,,,,,,,,,,,,,
160000,064552,PICEA ABIES LITTLE GEM,,,,,,,,,,,,,,,,,,,
160000,064561,PICEA ABIES NIDIFORMIS,,,,,,,,,,,,,,,,,,,
160000,064565,PICEA ABIES NIDIFORMIS,,,,,,,,,,,,,,,,,,,
160000,064575ST,PICEA ABIES PENDULA,,,,,,,,,,,,,,,,,,,
160000,064577ST,PICEA ABIES PENDULA,,,,,,,,,,,,,,,,,,,
160000,049015,PICEA BICOLOR PROSTRATA,,,,,,,,,,,,,,,,,,,
160000,033265,PICEA ENG BUSH'S LACE,,,,,,,,,,,,,,,,,,,
160000,064621,PICEA GL CONICA,,,,,,,,,,,,,,,,,,,
160000,064622,PICEA GL CONICA,,,,,,,,,,,,,,,,,,,
160000,064622P2,PICEA GL CONICA,,,,,,,,,,,,,,,,,,,
160000,064622SP,PICEA GL CONICA,,,,,,,,,,,,,,,,,,,
160000,064625,PICEA GL CONICA,,,,,,,,,,,,,,,,,,,
160000,064625SP,PICEA GL CONICA,,,,,,,,,,,,,,,,,,,
160000,06462M,PICEA GL CONICA,,,,,,,,,,,,,,,,,,,
160000,06462MP3,PICEA GL CONICA,,,,,,,,,,,,,,,,,,,
160000,06462MSP,PICEA GL CONICA,,,,,,,,,,,,,,,,,,,
160000,019371,PICEA GL CONICA TINY TOWER R,,,,,,,,,,,,,,,,,,,
160000,019372,PICEA GL CONICA TINY TOWER R,,,,,,,,,,,,,,,,,,,
160000,01937E,PICEA GL CONICA TINY TOWER R,,,,,,,,,,,,,,,,,,,
160000,064652,PICEA GL DENSATA,,,,,,,,,,,,,,,,,,,
160000,06465M,PICEA GL DENSATA,,,,,,,,,,,,,,,,,,,
160000,033275,PICEA GL DENSATA WELLS' WEEPER,,,,,,,,,,,,,,,,,,,
160000,064475,PICEA MARIANA NANA,,,,,,,,,,,,,,,,,,,
160000,04761M,PICEA OMORIKA SKY TRAILS,,,,,,,,,,,,,,,,,,,
160000,064815,PICEA ORIEN ATROVIRENS,,,,,,,,,,,,,,,,,,,
160000,06481M,PICEA ORIEN ATROVIRENS,,,,,,,,,,,,,,,,,,,
160000,064662,PICEA PUN GLAUCA,,,,,,,,,,,,,,,,,,,
160000,064785,PICEA PUN GLAUCA FAT ALBERT,,,,,,,,,,,,,,,,,,,
160000,064789,PICEA PUN GLAUCA FAT ALBERT,,,,,,,,,,,,,,,,,,,
160000,06478M,PICEA PUN GLAUCA FAT ALBERT,,,,,,,,,,,,,,,,,,,
160000,06469M,PICEA PUN GLOBOSA,,,,,,,,,,,,,,,,,,,
160000,06469MPT,PICEA PUN GLOBOSA,,,,,,,,,,,,,,,,,,,
160000,064715,PICEA PUN HOOPSII,,,,,,,,,,,,,,,,,,,
160000,064719,PICEA PUN HOOPSII,,,,,,,,,,,,,,,,,,,
160000,06471M,PICEA PUN HOOPSII,,,,,,,,,,,,,,,,,,,
160000,044635,PICEA PUN ISELI FASTIGATE,,,,,,,,,,,,,,,,,,,
160000,04463M,PICEA PUN ISELI FASTIGATE,,,,,,,,,,,,,,,,,,,
160000,064765,PICEA PUN MOERHEIM,,,,,,,,,,,,,,,,,,,
160000,064725,PICEA PUN MONTGOMERY,,,,,,,,,,,,,,,,,,,
160000,038745,PICEA PUN SPARKLER R,,,,,,,,,,,,,,,,,,,
160000,01939M,PICEA PUN THE BLUES,,,,,,,,,,,,,,,,,,,
160000,04737M,PICEA PUN THOMPSENII,,,,,,,,,,,,,,,,,,,
160000,049512,PIERIS J BROOKSIDE MINIATURE,,,,,,,,,,,,,,,,,,,
160000,049515,PIERIS J BROOKSIDE MINIATURE,,,,,,,,,,,,,,,,,,,
160000,04947UT,PIERIS J IMPISH ELF TM PPAF,,,,,,,,,,,,,,,,,,,
160000,065251,PIERIS J PURITY,,,,,,,,,,,,,,,,,,,
160000,051212,PIERIS J RIVER NYMPH TM,,,,,,,,,,,,,,,,,,,
160000,051215,PIERIS J RIVER NYMPH TM,,,,,,,,,,,,,,,,,,,
160000,049492,PIERIS J TIKI,,,,,,,,,,,,,,,,,,,
160000,065301,PIERIS J VALLEY ROSE,,,,,,,,,,,,,,,,,,,
160000,065302,PIERIS J VALLEY ROSE,,,,,,,,,,,,,,,,,,,
160000,065305,PIERIS J VALLEY ROSE,,,,,,,,,,,,,,,,,,,
160000,065312,PIERIS J VALLEY VALENTINE,,,,,,,,,,,,,,,,,,,
160000,065315,PIERIS J VALLEY VALENTINE,,,,,,,,,,,,,,,,,,,
160000,065321,PIERIS J VARIEGATA,,,,,,,,,,,,,,,,,,,
160000,065322,PIERIS J VARIEGATA,,,,,,,,,,,,,,,,,,,
160000,065221,PIERIS TAIWAN PRELUDE,,,,,,,,,,,,,,,,,,,
160000,065222,PIERIS TAIWAN PRELUDE,,,,,,,,,,,,,,,,,,,
160000,065082,PIERIS X FOREST FLAME,,,,,,,,,,,,,,,,,,,
160000,065085,PIERIS X FOREST FLAME,,,,,,,,,,,,,,,,,,,
160000,065425,PINUS CEM SILVER WHISPERS TM,,,,,,,,,,,,,,,,,,,
160000,065785PT,PINUS DENS UMB COMPACTA,,,,,,,,,,,,,,,,,,,
160000,065395,PINUS FL VANDERWOLFES PYRAMID,,,,,,,,,,,,,,,,,,,
160000,065399,PINUS FL VANDERWOLFES PYRAMID,,,,,,,,,,,,,,,,,,,
160000,064735,PINUS FLEXILIS CESARINI BLUE,,,,,,,,,,,,,,,,,,,
160000,021545,PINUS KOR SILVERAY,,,,,,,,,,,,,,,,,,,
160000,065555,PINUS LEUCODERMIS,,,,,,,,,,,,,,,,,,,
160000,019405,PINUS MONOPHYLLA,,,,,,,,,,,,,,,,,,,
160000,052535PT,PINUS MUGO <RK> VERY COMPACT,,,,,,,,,,,,,,,,,,,
160000,049092,PINUS MUGO BIG TUNA,,,,,,,,,,,,,,,,,,,
160000,049095,PINUS MUGO BIG TUNA,,,,,,,,,,,,,,,,,,,
160000,048692,PINUS MUGO CARSTENS WINTERGOLD,,,,,,,,,,,,,,,,,,,
160000,048695,PINUS MUGO CARSTENS WINTERGOLD,,,,,,,,,,,,,,,,,,,
160000,032742,PINUS MUGO COMPACT SELECT,,,,,,,,,,,,,,,,,,,
160000,032745,PINUS MUGO COMPACT SELECT,,,,,,,,,,,,,,,,,,,
160000,065451,PINUS MUGO PUMILIO,,,,,,,,,,,,,,,,,,,
160000,065452,PINUS MUGO PUMILIO,,,,,,,,,,,,,,,,,,,
160000,065453,PINUS MUGO PUMILIO,,,,,,,,,,,,,,,,,,,
160000,065455,PINUS MUGO PUMILIO,,,,,,,,,,,,,,,,,,,
160000,065455NT,PINUS MUGO PUMILIO,,,,,,,,,,,,,,,,,,,
160000,065455PT,PINUS MUGO PUMILIO,,,,,,,,,,,,,,,,,,,
160000,065459NT,PINUS MUGO PUMILIO,,,,,,,,,,,,,,,,,,,
160000,06545M,PINUS MUGO PUMILIO,,,,,,,,,,,,,,,,,,,
160000,06545MNT,PINUS MUGO PUMILIO,,,,,,,,,,,,,,,,,,,
160000,049135,PINUS NIGRA FRANK,,,,,,,,,,,,,,,,,,,
160000,019415,PINUS NIGRA OREGON GREEN,,,,,,,,,,,,,,,,,,,
160000,025685,PINUS PARV BLUE ANGEL PP14169,,,,,,,,,,,,,,,,,,,
160000,046425,PINUS PARVIFLORA GLAUCA NANA,,,,,,,,,,,,,,,,,,,
160000,049115,PINUS STROBUS BLUE SHAG,,,,,,,,,,,,,,,,,,,
160000,065495,PINUS STROBUS NANA,,,,,,,,,,,,,,,,,,,
160000,065525,PINUS SYL FRENCH BLUE,,,,,,,,,,,,,,,,,,,
160000,065535,PINUS SYL GLAUCA NANA,,,,,,,,,,,,,,,,,,,
160000,065535PP,PINUS SYL GLAUCA NANA,,,,,,,,,,,,,,,,,,,
160000,049145,PINUS SYL GLOBOSA VIRIDIS,,,,,,,,,,,,,,,,,,,
160000,046835,PINUS THUN THUNDERHEAD,,,,,,,,,,,,,,,,,,,
160000,090835,PITT ILL FORMOSAN FINGERS TM,,,,,,,,,,,,,,,,,,,
160000,016582,PITT TEN GOLF BALL P15329,,,,,,,,,,,,,,,,,,,
160000,016585,PITT TEN GOLF BALL P15329,,,,,,,,,,,,,,,,,,,
160000,016802,PITT TEN OLIVER TWIST,,,,,,,,,,,,,,,,,,,
160000,016805,PITT TEN OLIVER TWIST,,,,,,,,,,,,,,,,,,,
160000,051422,PITT TEN TASMAN RUFFLES,,,,,,,,,,,,,,,,,,,
160000,035142,PODOCARPUS ALP BLUE GEM,,,,,,,,,,,,,,,,,,,
160000,035142ST,PODOCARPUS ALP BLUE GEM,,,,,,,,,,,,,,,,,,,
160000,035112,PODOCARPUS LAW BLUE TREASURE,,,,,,,,,,,,,,,,,,,
160000,036561,POLE STAIRWAY TO HEAVEN P15187,,,,,,,,,,,,,,,,,,,
160000,066692,POTENTILLA ABBOTSWOOD,,,,,,,,,,,,,,,,,,,
160000,066685,POTENTILLA GOLDFINGER,,,,,,,,,,,,,,,,,,,
160000,086651,POTENTILLA PINK BEAUTY P9874,,,,,,,,,,,,,,,,,,,
160000,066771,POTENTILLA RED ACE,,,,,,,,,,,,,,,,,,,
160000,066772,POTENTILLA RED ACE,,,,,,,,,,,,,,,,,,,
160000,066741,POTENTILLA SUNSET,,,,,,,,,,,,,,,,,,,
160000,053845,PROSTANTHERA CUN BADJA PEAK,,,,,,,,,,,,,,,,,,,
160000,066835,PRUNUS CER KRAUTER VESUVIUS,,,,,,,,,,,,,,,,,,,
160000,066885,PRUNUS CER THUNDERCLOUD,,,,,,,,,,,,,,,,,,,
160000,031815,PRUNUS CRMSON POINTE TM P19564,,,,,,,,,,,,,,,,,,,
160000,016525,PRUNUS DREAM CATCHER,,,,,,,,,,,,,,,,,,,
160000,082045,PRUNUS LAUR CHESTNUT HILL PPTB,,,,,,,,,,,,,,,,,,,
160000,019095,PRUNUS LAUR ETNA,,,,,,,,,,,,,,,,,,,
160000,067101,PRUNUS LAUR MT VERNON,,,,,,,,,,,,,,,,,,,
160000,067102,PRUNUS LAUR MT VERNON,,,,,,,,,,,,,,,,,,,
160000,067051,PRUNUS LAUROCERASUS,,,,,,,,,,,,,,,,,,,
160000,067055,PRUNUS LAUROCERASUS,,,,,,,,,,,,,,,,,,,
160000,067057,PRUNUS LAUROCERASUS,,,,,,,,,,,,,,,,,,,
160000,067051C,PRUNUS LAUROCERASUS (CA CERT),,,,,,,,,,,,,,,,,,,
160000,067055C,PRUNUS LAUROCERASUS (CA CERT),,,,,,,,,,,,,,,,,,,
160000,066955,PRUNUS PEN PLENO ROSEA,,,,,,,,,,,,,,,,,,,
160000,06695M,PRUNUS PEN PLENO ROSEA,,,,,,,,,,,,,,,,,,,
160000,028025,PRUNUS SER ANGELS BLSH R TAIZO,,,,,,,,,,,,,,,,,,,
160000,066915,PRUNUS SER KWANZAN,,,,,,,,,,,,,,,,,,,
160000,066945,PRUNUS SER MOUNT FUJI,,,,,,,,,,,,,,,,,,,
160000,081785,PRUNUS VIR CANADA RED,,,,,,,,,,,,,,,,,,,
160000,043395,PRUNUS WEEPING EXTRAORDNARE TM,,,,,,,,,,,,,,,,,,,
160000,04339M,PRUNUS WEEPING EXTRAORDNARE TM,,,,,,,,,,,,,,,,,,,
160000,066935ST,PRUNUS X SNOW FOUNTAIN TM,,,,,,,,,,,,,,,,,,,
160000,06693MSE,PRUNUS X SNOW FOUNTAIN TM,,,,,,,,,,,,,,,,,,,
160000,06693MST,PRUNUS X SNOW FOUNTAIN TM,,,,,,,,,,,,,,,,,,,
160000,066985,PRUNUS X YEDOENSIS AKEBONO,,,,,,,,,,,,,,,,,,,
160000,043082,PSEUDOPANAX LAETUS KIWI GEM TM,,,,,,,,,,,,,,,,,,,
160000,043085,PSEUDOPANAX LAETUS KIWI GEM TM,,,,,,,,,,,,,,,,,,,
160000,069455,QUERCUS PALUSTRIS,,,,,,,,,,,,,,,,,,,
160000,069315,QUERCUS ROBUR FASTIGIATA,,,,,,,,,,,,,,,,,,,
160000,069255,QUERCUS RUBRA,,,,,,,,,,,,,,,,,,,
160000,046751,RHAPH U RUTRHAPH STHRN MOON TM,,,,,,,,,,,,,,,,,,,
160000,046752,RHAPH U RUTRHAPH STHRN MOON TM,,,,,,,,,,,,,,,,,,,
160000,068325,RHOD (H-1) EDITH BOSLEY,,,,,,,,,,,,,,,,,,,
160000,030461,RHOD (H-1) ELVIIRA,,,,,,,,,,,,,,,,,,,
160000,016222,RHOD (H-1) HELLIKKI,,,,,,,,,,,,,,,,,,,
160000,016232,RHOD (H-1) HELSINKI UNIVERSITY,,,,,,,,,,,,,,,,,,,
160000,009751,RHOD (H-1) NOVA ZEMBLA,,,,,,,,,,,,,,,,,,,
160000,009752,RHOD (H-1) NOVA ZEMBLA,,,,,,,,,,,,,,,,,,,
160000,009755,RHOD (H-1) NOVA ZEMBLA,,,,,,,,,,,,,,,,,,,
160000,009972,RHOD (H-1) PURPLE GEM,,,,,,,,,,,,,,,,,,,
160000,010052,RHOD (H-1) RAMAPO,,,,,,,,,,,,,,,,,,,
160000,010055,RHOD (H-1) RAMAPO,,,,,,,,,,,,,,,,,,,
160000,010155,RHOD (H-1) ROSEUM ELEGANS,,,,,,,,,,,,,,,,,,,
160000,01015M,RHOD (H-1) ROSEUM ELEGANS,,,,,,,,,,,,,,,,,,,
160000,019772,RHOD (H-1) RTR HOOPLA,,,,,,,,,,,,,,,,,,,
160000,020195,RHOD (H-1) RTR MARCH MADNESS,,,,,,,,,,,,,,,,,,,
160000,009202,RHOD (H-2) CUNNINGHAM'S WHITE,,,,,,,,,,,,,,,,,,,
160000,009205,RHOD (H-2) CUNNINGHAM'S WHITE,,,,,,,,,,,,,,,,,,,
160000,009255,RHOD (H-2) DAPHNOIDES,,,,,,,,,,,,,,,,,,,
160000,009435,RHOD (H-2) GOMER WATERER,,,,,,,,,,,,,,,,,,,
160000,009572,RHOD (H-2) LEE'S DARK PURPLE,,,,,,,,,,,,,,,,,,,
160000,009562,RHOD (H-2) LOOKING GLASS,,,,,,,,,,,,,,,,,,,
160000,009565,RHOD (H-2) LOOKING GLASS,,,,,,,,,,,,,,,,,,,
160000,009552,RHOD (H-2) LORD ROBERTS,,,,,,,,,,,,,,,,,,,
160000,009555,RHOD (H-2) LORD ROBERTS,,,,,,,,,,,,,,,,,,,
160000,010072,RHOD (H-2) ROCKET,,,,,,,,,,,,,,,,,,,
160000,010075,RHOD (H-2) ROCKET,,,,,,,,,,,,,,,,,,,
160000,010191,RHOD (H-2) SNEEZY,,,,,,,,,,,,,,,,,,,
160000,010192,RHOD (H-2) SNEEZY,,,,,,,,,,,,,,,,,,,
160000,010252,RHOD (H-2) TRILBY,,,,,,,,,,,,,,,,,,,
160000,010255,RHOD (H-2) TRILBY,,,,,,,,,,,,,,,,,,,
160000,010405,RHOD (H-2) VULCAN,,,,,,,,,,,,,,,,,,,
160000,010521,RHOD (H-2) YAKU PRINCESS,,,,,,,,,,,,,,,,,,,
160000,010522,RHOD (H-2) YAKU PRINCESS,,,,,,,,,,,,,,,,,,,
160000,008805,RHOD (H-3) ANNA ROSE WHITNEY,,,,,,,,,,,,,,,,,,,
160000,009491,RHOD (H-3) HOTEI,,,,,,,,,,,,,,,,,,,
160000,009502,RHOD (H-3) JEAN MARIE DE MNTGE,,,,,,,,,,,,,,,,,,,
160000,009505,RHOD (H-3) JEAN MARIE DE MNTGE,,,,,,,,,,,,,,,,,,,
160000,026385,RHOD (H-3) RAC ROCK ROSE,,,,,,,,,,,,,,,,,,,
160000,010355,RHOD (H-3) VIRGINIA RICHARDS,,,,,,,,,,,,,,,,,,,
160000,009311,RHOD (H-3) YAKU DREAMLAND,,,,,,,,,,,,,,,,,,,
160000,009312,RHOD (H-3) YAKU DREAMLAND,,,,,,,,,,,,,,,,,,,
160000,010502,RHOD (H-3) YELLOW PETTICOATS,,,,,,,,,,,,,,,,,,,
160000,010505,RHOD (H-3) YELLOW PETTICOATS,,,,,,,,,,,,,,,,,,,
160000,091111,RIBES SANG KING EDWARD VII,,,,,,,,,,,,,,,,,,,
160000,024582,ROSA CARAMBA TM PP13396,,,,,,,,,,,,,,,,,,,
160000,024632,ROSA CHATEAU MERLOT TM PP12190,,,,,,,,,,,,,,,,,,,
160000,036292,ROSA FLWR CAR R AMBER PPAF,,,,,,,,,,,,,,,,,,,
160000,069292,ROSA FLWR CAR R APLBLSM P10239,,,,,,,,,,,,,,,,,,,
160000,069782,ROSA FLWR CAR R PINK,,,,,,,,,,,,,,,,,,,
160000,079572,ROSA FLWR CAR R PNK SPLSH PPAF,,,,,,,,,,,,,,,,,,,
160000,071602,ROSA FLWR CAR R RED P11308,,,,,,,,,,,,,,,,,,,
160000,036312,ROSA FLWR CAR R SCARLET P17373,,,,,,,,,,,,,,,,,,,
160000,030902S,ROSA KNCK OUT R DBL RD P16202,,,,,,,,,,,,,,,,,,,
160000,011622S,ROSA KNCK OUT R P11836 (RED),,,,,,,,,,,,,,,,,,,
160000,022152S,ROSA KNCK OUT R P15070 (PINK),,,,,,,,,,,,,,,,,,,
160000,081502,ROSA SWT SPOT TM PEACH PPAF,,,,,,,,,,,,,,,,,,,
160000,081392,ROSA SWT SPOT TM YELLOW PPAF,,,,,,,,,,,,,,,,,,,
160000,058915ST,ROSA-CL-WILLIAM BAFFIN,,,,,,,,,,,,,,,,,,,
160000,020491,ROSMARINUS OFF ARP,,,,,,,,,,,,,,,,,,,
160000,020492,ROSMARINUS OFF ARP,,,,,,,,,,,,,,,,,,,
160000,084941,ROSMARINUS OFF SPICE ISLANDS,,,,,,,,,,,,,,,,,,,
160000,070281,ROSMARINUS OFF TUSCAN BLUE,,,,,,,,,,,,,,,,,,,
160000,070282,ROSMARINUS OFF TUSCAN BLUE,,,,,,,,,,,,,,,,,,,
160000,041361,ROSMARINUS ROMAN BTY PP18192,,,,,,,,,,,,,,,,,,,
160000,041362,ROSMARINUS ROMAN BTY PP18192,,,,,,,,,,,,,,,,,,,
160000,025961,RUBUS CALYCINOIDES,,,,,,,,,,,,,,,,,,,
160000,079382,RUBUS RSPBRY SHRTCKE TM P22141,,,,,,,,,,,,,,,,,,,
160000,079389,RUBUS RSPBRY SHRTCKE TM P22141,,,,,,,,,,,,,,,,,,,
160000,071111,RUDBECKIA ERLY BRD GLD PP20286,,,,,,,,,,,,,,,,,,,
160000,071011,RUDBECKIA FULGIDA GOLDSTURM,,,,,,,,,,,,,,,,,,,
160000,070465,SALIX CAP KILMARNOCK(S C PEND),,,,,,,,,,,,,,,,,,,
160000,070615PT,SALIX INTEGRA HAKURO NISHIKI,,,,,,,,,,,,,,,,,,,
160000,086705,SALIX PURPUREA CANYON BLUE,,,,,,,,,,,,,,,,,,,
160000,412691,SALVIA NEM BLUE MARVEL PPAF,,,,,,,,,,,,,,,,,,,
160000,019541,SALVIA NEM MARCUS R PP13322,,,,,,,,,,,,,,,,,,,
160000,020411,SALVIA NEMOROSA CARADONNA,,,,,,,,,,,,,,,,,,,
160000,070591,SALVIA NEMOROSA EAST FRIESLAND,,,,,,,,,,,,,,,,,,,
160000,407941,SALVIA SNSATION R DEEP ROS PAF,,,,,,,,,,,,,,,,,,,
160000,400271,SALVIA SNSATION R SKY BLUE PAF,,,,,,,,,,,,,,,,,,,
160000,030321,SALVIA X SYL SNOW HILL,,,,,,,,,,,,,,,,,,,
160000,035942S,SAMBUCUS BLACK LACE TM PP15575,,,,,,,,,,,,,,,,,,,
160000,035945,SAMBUCUS BLACK LACE TM PP15575,,,,,,,,,,,,,,,,,,,
160000,019995,SAMBUCUS BLK BEAUTY TM PP12305,,,,,,,,,,,,,,,,,,,
160000,070401,SANTOLINA CHAMAECYPARISSUS,,,,,,,,,,,,,,,,,,,
160000,036641,SARCOCOCCA HOOK DIGYNA,,,,,,,,,,,,,,,,,,,
160000,076641,SAXIFRAGA FORT BERRY BRIGHT TM,,,,,,,,,,,,,,,,,,,
160000,070971,SCABIOSA COL BUTTERFLY BLUE,,,,,,,,,,,,,,,,,,,
160000,049955,SCHEFFLERA TAIW YUAN SHAN,,,,,,,,,,,,,,,,,,,
160000,043462,SCHIZOPHRAGMA ELLIP 8170 DJHV8,,,,,,,,,,,,,,,,,,,
160000,043465,SCHIZOPHRAGMA ELLIP 8170 DJHV8,,,,,,,,,,,,,,,,,,,
160000,071025,SCHIZOPHRAGMA HYD MOONLIGHT,,,,,,,,,,,,,,,,,,,
160000,06501UT,SEDUM ACRE,,,,,,,,,,,,,,,,,,,
160000,06500UT,SEDUM ALB C BABY TEARS,,,,,,,,,,,,,,,,,,,
160000,029141,SEDUM BLUE SPRUCE,,,,,,,,,,,,,,,,,,,
160000,070941,SEDUM BRONZE CARPET,,,,,,,,,,,,,,,,,,,
160000,07094UT,SEDUM BRONZE CARPET,,,,,,,,,,,,,,,,,,,
160000,03028UT,SEDUM DRAGON'S BLOOD,,,,,,,,,,,,,,,,,,,
160000,092351,SEDUM ELSIE GOLD PP20368,,,,,,,,,,,,,,,,,,,
160000,06505UT,SEDUM GLOBOSUM OLD MAN'S BONES,,,,,,,,,,,,,,,,,,,
160000,01182UT,SEDUM JOHN CREECH,,,,,,,,,,,,,,,,,,,
160000,048261,SEDUM OREGANUM,,,,,,,,,,,,,,,,,,,
160000,044871,SEDUM RUP ANGELINA PPAF,,,,,,,,,,,,,,,,,,,
160000,04487UT,SEDUM RUP ANGELINA PPAF,,,,,,,,,,,,,,,,,,,
160000,063681,SEDUM SIEBOLDII,,,,,,,,,,,,,,,,,,,
160000,035171,SEDUM SPURIUM VOODOO,,,,,,,,,,,,,,,,,,,
160000,035174PTC,SEDUM SPURIUM VOODOO,,,,,,,,,,,,,,,,,,,
160000,03517UT,SEDUM SPURIUM VOODOO,,,,,,,,,,,,,,,,,,,
160000,087481,SEDUM SSPKLR R CHERRY TART PAF,,,,,,,,,,,,,,,,,,,
160000,412721,SEDUM SSPKLR R FIRE CRACKR PAF,,,,,,,,,,,,,,,,,,,
160000,41272UT,SEDUM SSPKLR R FIRE CRACKR PAF,,,,,,,,,,,,,,,,,,,
160000,007331,SEDUM SSPRKLR R DZLBRY PP22457,,,,,,,,,,,,,,,,,,,
160000,00733UT,SEDUM SSPRKLR R DZLBRY PP22457,,,,,,,,,,,,,,,,,,,
160000,007301,SEDUM SSPRKLR R LIME ZNGR PPAF,,,,,,,,,,,,,,,,,,,
160000,046311,SEDUM STRAWBERRIES & CREAM,,,,,,,,,,,,,,,,,,,
160000,069871,SEDUM TETRACTINUM CORAL REEF,,,,,,,,,,,,,,,,,,,
160000,057161,SEDUM X AUTUMN CHARM PP14421,,,,,,,,,,,,,,,,,,,
160000,025041,SEDUM X AUTUMN FIRE,,,,,,,,,,,,,,,,,,,
160000,06550UT,SEMPERVIVUM ARACHNOIDEUM,,,,,,,,,,,,,,,,,,,
160000,06559UT,SEMPERVIVUM BLACK,,,,,,,,,,,,,,,,,,,
160000,06560UT,SEMPERVIVUM GREEN WHEEL,,,,,,,,,,,,,,,,,,,
160000,06561UT,SEMPERVIVUM KREBS DES ROSE,,,,,,,,,,,,,,,,,,,
160000,04491UT,SEMPERVIVUM RUBIKON,,,,,,,,,,,,,,,,,,,
160000,05696UT,SEMPERVIVUM RUBY HEARTS,,,,,,,,,,,,,,,,,,,
160000,071051,SKIMMIA JAPONICA-FEMALE,,,,,,,,,,,,,,,,,,,
160000,071052,SKIMMIA JAPONICA-FEMALE,,,,,,,,,,,,,,,,,,,
160000,071062,SKIMMIA JAPONICA-MALE,,,,,,,,,,,,,,,,,,,
160000,071081,SKIMMIA REEVESIANA,,,,,,,,,,,,,,,,,,,
160000,071082,SKIMMIA REEVESIANA,,,,,,,,,,,,,,,,,,,
160000,071031,SOLIDAGO CROWN OF RAYS,,,,,,,,,,,,,,,,,,,
160000,071185,SORBUS HUPEHEN CORAL FIRE TM,,,,,,,,,,,,,,,,,,,
160000,075012S,SPIRAEA DBLPLAY R ARTIST PPAF,,,,,,,,,,,,,,,,,,,
160000,408162S,SPIRAEA DBLPLAY R BL KZO TMPAF,,,,,,,,,,,,,,,,,,,
160000,071222,SPIRAEA JAP ALPINA,,,,,,,,,,,,,,,,,,,
160000,071302,SPIRAEA NIPPON SNOWMOUND,,,,,,,,,,,,,,,,,,,
160000,071305,SPIRAEA NIPPON SNOWMOUND,,,,,,,,,,,,,,,,,,,
160000,071152,SPIRAEA X ANTHONY WATERER,,,,,,,,,,,,,,,,,,,
160000,071155,SPIRAEA X ANTHONY WATERER,,,,,,,,,,,,,,,,,,,
160000,071175,SPIRAEA X GOLDFLAME,,,,,,,,,,,,,,,,,,,
160000,012091,STACHYS BIG EARS,,,,,,,,,,,,,,,,,,,
160000,012111,STACHYS SILVER CARPET,,,,,,,,,,,,,,,,,,,
160000,050655,STACHYURUS SAL SPARKLER R,,,,,,,,,,,,,,,,,,,
160000,406721,STOKESIA LAEVIS BLUE DANUBE,,,,,,,,,,,,,,,,,,,
160000,022511,STOKESIA LAEVIS PEACHIE'S PICK,,,,,,,,,,,,,,,,,,,
160000,071735,STYRAX JAPONICUS,,,,,,,,,,,,,,,,,,,
160000,017665,SYMPH BRIGHT FANTASY TM P14570,,,,,,,,,,,,,,,,,,,
160000,017695,SYMPH SCARLET PEARL PP13244,,,,,,,,,,,,,,,,,,,
160000,086435,SYRINGA BLOOMERNG R DK PPL PAF,,,,,,,,,,,,,,,,,,,
160000,074681S,SYRINGA BLOOMERNG R PUR P20575,,,,,,,,,,,,,,,,,,,
160000,074682S,SYRINGA BLOOMERNG R PUR P20575,,,,,,,,,,,,,,,,,,,
160000,072022,SYRINGA PATULA MISS KIM,,,,,,,,,,,,,,,,,,,
160000,071801,SYRINGA V ANGEL WHITE,,,,,,,,,,,,,,,,,,,
160000,071802,SYRINGA V ANGEL WHITE,,,,,,,,,,,,,,,,,,,
160000,071805,SYRINGA V ANGEL WHITE,,,,,,,,,,,,,,,,,,,
160000,071791,SYRINGA V BLUE SKIES R,,,,,,,,,,,,,,,,,,,
160000,071795,SYRINGA V BLUE SKIES R,,,,,,,,,,,,,,,,,,,
160000,072105,SYRINGA V CHARLES JOLY,,,,,,,,,,,,,,,,,,,
160000,072151,SYRINGA V LAVENDER LADY,,,,,,,,,,,,,,,,,,,
160000,072152,SYRINGA V LAVENDER LADY,,,,,,,,,,,,,,,,,,,
160000,072155,SYRINGA V LAVENDER LADY,,,,,,,,,,,,,,,,,,,
160000,071901,SYRINGA V LUDWIG SPAETH,,,,,,,,,,,,,,,,,,,
160000,071905,SYRINGA V LUDWIG SPAETH,,,,,,,,,,,,,,,,,,,
160000,072145,SYRINGA V PRESIDENT LINCOLN,,,,,,,,,,,,,,,,,,,
160000,072161,SYRINGA V SENSATION,,,,,,,,,,,,,,,,,,,
160000,072165,SYRINGA V SENSATION,,,,,,,,,,,,,,,,,,,
160000,028425,SYRINGA X DECLARATION NA62975,,,,,,,,,,,,,,,,,,,
160000,072191,SYRINGA X HYA POCAHONTAS,,,,,,,,,,,,,,,,,,,
160000,042191,SYRINGA X OLD GLORY NA62974,,,,,,,,,,,,,,,,,,,
160000,042192,SYRINGA X OLD GLORY NA62974,,,,,,,,,,,,,,,,,,,
160000,042195,SYRINGA X OLD GLORY NA62974,,,,,,,,,,,,,,,,,,,
160000,050115,TAXODIUM DIS PEVE MINARET,,,,,,,,,,,,,,,,,,,
160000,072395CN,TAXUS CUS CAPITATA,,,,,,,,,,,,,,,,,,,
160000,072345,TAXUS EMERALD SPREADR R P10335,,,,,,,,,,,,,,,,,,,
160000,028851,TAXUS X MED HUBERS TAWNY GOLD,,,,,,,,,,,,,,,,,,,
160000,028852,TAXUS X MED HUBERS TAWNY GOLD,,,,,,,,,,,,,,,,,,,
160000,012402,TAXUS X MEDIA BERRYHILLI,,,,,,,,,,,,,,,,,,,
160000,012405,TAXUS X MEDIA BERRYHILLI,,,,,,,,,,,,,,,,,,,
160000,072302,TAXUS X MEDIA BROWNII,,,,,,,,,,,,,,,,,,,
160000,072305CN,TAXUS X MEDIA BROWNII,,,,,,,,,,,,,,,,,,,
160000,072321,TAXUS X MEDIA DENSIFORMIS,,,,,,,,,,,,,,,,,,,
160000,072325,TAXUS X MEDIA DENSIFORMIS,,,,,,,,,,,,,,,,,,,
160000,07232M,TAXUS X MEDIA DENSIFORMIS,,,,,,,,,,,,,,,,,,,
160000,072331,TAXUS X MEDIA HICKSII,,,,,,,,,,,,,,,,,,,
160000,072332,TAXUS X MEDIA HICKSII,,,,,,,,,,,,,,,,,,,
160000,07233M,TAXUS X MEDIA HICKSII,,,,,,,,,,,,,,,,,,,
160000,012595,THUJA GREEN GIANT,,,,,,,,,,,,,,,,,,,
160000,087055,THUJA KORAIENSIS,,,,,,,,,,,,,,,,,,,
160000,072942,THUJA OC DANICA,,,,,,,,,,,,,,,,,,,
160000,072812,THUJA OC DEGROOT'S SPIRE,,,,,,,,,,,,,,,,,,,
160000,072815,THUJA OC DEGROOT'S SPIRE,,,,,,,,,,,,,,,,,,,
160000,073011,THUJA OC EMERALD,,,,,,,,,,,,,,,,,,,
160000,073012,THUJA OC EMERALD,,,,,,,,,,,,,,,,,,,
160000,073015,THUJA OC EMERALD,,,,,,,,,,,,,,,,,,,
160000,073015SP,THUJA OC EMERALD,,,,,,,,,,,,,,,,,,,
160000,073019,THUJA OC EMERALD,,,,,,,,,,,,,,,,,,,
160000,07301M,THUJA OC EMERALD,,,,,,,,,,,,,,,,,,,
160000,047442,THUJA OC FIRE CHIEF TM P19009,,,,,,,,,,,,,,,,,,,
160000,072862,THUJA OC GOLDEN GLOBE,,,,,,,,,,,,,,,,,,,
160000,072865,THUJA OC GOLDEN GLOBE,,,,,,,,,,,,,,,,,,,
160000,055971,THUJA OC GOLDEN TUFFET,,,,,,,,,,,,,,,,,,,
160000,055972,THUJA OC GOLDEN TUFFET,,,,,,,,,,,,,,,,,,,
160000,055975PT,THUJA OC GOLDEN TUFFET,,,,,,,,,,,,,,,,,,,
160000,072922,THUJA OC HETZ MIDGET,,,,,,,,,,,,,,,,,,,
160000,072925,THUJA OC HETZ MIDGET,,,,,,,,,,,,,,,,,,,
160000,053931,THUJA OC HIGHLIGHTS TM PP21967,,,,,,,,,,,,,,,,,,,
160000,053932,THUJA OC HIGHLIGHTS TM PP21967,,,,,,,,,,,,,,,,,,,
160000,072872,THUJA OC LITTLE GIANT,,,,,,,,,,,,,,,,,,,
160000,072875,THUJA OC LITTLE GIANT,,,,,,,,,,,,,,,,,,,
160000,031185,THUJA OC MALONYANA,,,,,,,,,,,,,,,,,,,
160000,022175,THUJA OC MR BOWLING BALL R,,,,,,,,,,,,,,,,,,,
160000,075055,THUJA OC NORTH POLE R PPAF,,,,,,,,,,,,,,,,,,,
160000,072892,THUJA OC RHEINGOLD,,,,,,,,,,,,,,,,,,,
160000,073055,THUJA OC RUSHMORE,,,,,,,,,,,,,,,,,,,
160000,072912,THUJA OC YELLOW RIBBON,,,,,,,,,,,,,,,,,,,
160000,072915,THUJA OC YELLOW RIBBON,,,,,,,,,,,,,,,,,,,
160000,07291M,THUJA OC YELLOW RIBBON,,,,,,,,,,,,,,,,,,,
160000,019441,THUJA PL GRN GLOBE (GRNE KGEL),,,,,,,,,,,,,,,,,,,
160000,019442,THUJA PL GRN GLOBE (GRNE KGEL),,,,,,,,,,,,,,,,,,,
160000,031195,THUJA PLICATA GREEN SPORT,,,,,,,,,,,,,,,,,,,
160000,019455,THUJA PLICATA SUNSHINE,,,,,,,,,,,,,,,,,,,
160000,066572,THUJA PLICATA WHIPCORD,,,,,,,,,,,,,,,,,,,
160000,055142,THUJA X EMBER WAVES TM PP25363,,,,,,,,,,,,,,,,,,,
160000,055145,THUJA X EMBER WAVES TM PP25363,,,,,,,,,,,,,,,,,,,
160000,05514M,THUJA X EMBER WAVES TM PP25363,,,,,,,,,,,,,,,,,,,
160000,05514UT,THUJA X EMBER WAVES TM PP25363,,,,,,,,,,,,,,,,,,,
160000,034052,THUJOPSIS DOLOBRATA NANA,,,,,,,,,,,,,,,,,,,
160000,034055,THUJOPSIS DOLOBRATA NANA,,,,,,,,,,,,,,,,,,,
160000,05124UT,THYMUS PRA PINK CHINTZ,,,,,,,,,,,,,,,,,,,
160000,029675,TILIA TOMENTOSA SATIN SHADOW R,,,,,,,,,,,,,,,,,,,
160000,053125,TROCHODENDRON ARALIOIDES,,,,,,,,,,,,,,,,,,,
160000,053125TR,TROCHODENDRON ARALIOIDES,,,,,,,,,,,,,,,,,,,
160000,051322,TSUGA C GLDN DUCHESS R PP25503,,,,,,,,,,,,,,,,,,,
160000,051325,TSUGA C GLDN DUCHESS R PP25503,,,,,,,,,,,,,,,,,,,
160000,07343M,TSUGA CAN EMERALD FOUNTAIN R,,,,,,,,,,,,,,,,,,,
160000,034095,TSUGA CAN GRACILLIS,,,,,,,,,,,,,,,,,,,
160000,038191,TSUGA CAN JEDDELOH,,,,,,,,,,,,,,,,,,,
160000,038192,TSUGA CAN JEDDELOH,,,,,,,,,,,,,,,,,,,
160000,073285,TSUGA CAN PENDULA,,,,,,,,,,,,,,,,,,,
160000,073287,TSUGA CAN PENDULA,,,,,,,,,,,,,,,,,,,
160000,073265,TSUGA CANADENSIS,,,,,,,,,,,,,,,,,,,
160000,073325,ULMUS GLABRA CAMPERDOWNII,,,,,,,,,,,,,,,,,,,
160000,084852,VACC X PINK ICING TM PP23336,,,,,,,,,,,,,,,,,,,
160000,021745,VACCINIUM CORY SUNSHINE BLUE,,,,,,,,,,,,,,,,,,,
160000,080362,VACCINIUM CORYMBOSUM CHANDLER,,,,,,,,,,,,,,,,,,,
160000,034481,VACCINIUM CORYMBOSUM JUBILEE,,,,,,,,,,,,,,,,,,,
160000,073401,VACCINIUM CORYMBOSUM NORTHLAND,,,,,,,,,,,,,,,,,,,
160000,073402,VACCINIUM CORYMBOSUM NORTHLAND,,,,,,,,,,,,,,,,,,,
160000,073742,VACCINIUM CORYMBOSUM PATRIOT,,,,,,,,,,,,,,,,,,,
160000,073745,VACCINIUM CORYMBOSUM PATRIOT,,,,,,,,,,,,,,,,,,,
160000,081712,VACCINIUM PEACH SORBET TM PPAF,,,,,,,,,,,,,,,,,,,
160000,079551,VERONICA HYB TIDAL POOL PPAF,,,,,,,,,,,,,,,,,,,
160000,079481,VERONICA HYB WHITE WATER PPAF,,,,,,,,,,,,,,,,,,,
160000,409261,VERONICA MDY BLUES LT BLU PPAF,,,,,,,,,,,,,,,,,,,
160000,409271,VERONICA MDY BLUES MAUVE PPAF,,,,,,,,,,,,,,,,,,,
160000,409251,VERONICA MDY BLUES PINK PPAF,,,,,,,,,,,,,,,,,,,
160000,07426UT,VERONICA PROSTRATA TREHANE,,,,,,,,,,,,,,,,,,,
160000,073621,VERONICA SPICATA RED FOX,,,,,,,,,,,,,,,,,,,
160000,07362UT,VERONICA SPICATA RED FOX,,,,,,,,,,,,,,,,,,,
160000,074202,VIB DAVIDII,,,,,,,,,,,,,,,,,,,
160000,074205,VIB DAVIDII,,,,,,,,,,,,,,,,,,,
160000,074652,VIB OPULUS NANUM,,,,,,,,,,,,,,,,,,,
160000,074065,VIB PLI T MARIESI,,,,,,,,,,,,,,,,,,,
160000,073972,VIB PLI T SUMMER SNOWFLAKE,,,,,,,,,,,,,,,,,,,
160000,073975,VIB PLI T SUMMER SNOWFLAKE,,,,,,,,,,,,,,,,,,,
160000,073585,VIB X BODNAN PINK DAWN,,,,,,,,,,,,,,,,,,,
160000,073602,VIB X BURKWOODII,,,,,,,,,,,,,,,,,,,
160000,076131,VINCA MINOR BOWLES',,,,,,,,,,,,,,,,,,,
160000,07613UT,VINCA MINOR BOWLES',,,,,,,,,,,,,,,,,,,
160000,076041,VIOLA X PURPLE SHOWERS,,,,,,,,,,,,,,,,,,,
160000,076395,WEIGELA FL DARK HORSE PP14381,,,,,,,,,,,,,,,,,,,
160000,076415,WEIGELA FL FRNC LACE TM P12666,,,,,,,,,,,,,,,,,,,
160000,076435,WEIGELA FL MINUET,,,,,,,,,,,,,,,,,,,
160000,076541,WEIGELA FL PINK POPPET,,,,,,,,,,,,,,,,,,,
160000,076545,WEIGELA FL PINK POPPET,,,,,,,,,,,,,,,,,,,
160000,017575,WEIGELA MAGICAL R FNTSY P13567,,,,,,,,,,,,,,,,,,,
160000,076811,WISTERIA FRU AMETHYST FALLS,,,,,,,,,,,,,,,,,,,
160000,090152,YUCCA FIL COLOR GUARD,,,,,,,,,,,,,,,,,,,
160000,066705,ZELKOVA SERRATA GOLD FALLS TM,,,,,,,,,,,,,,,,,,,
