Branch,item,Description,,
160000,412561,CHRY (LEU) REAL CHARMER PPAF,,
160000,412571,CHRY (LEU) REAL GALAXY PPAF,,
160000,006351,CHRY (LEU) SUP REAL DREAM PPAF,,
160000,006351S,CHRY (LEU) SUP REAL DREAM PPAF,,
160000,404471,CHRY (LEUCA) DASY MY ™ P21914,,
160000,404611,CHRY (LEUCA) X GOLD DUST PPAF,,
160000,407852,CHRY (LEUCA) X LITTLE PRINCESS,,
160000,407861,CHRY (LEUCA) X REAL GLORY,,
160000,407861,CHRY (LEUCA) X REAL GLORY,,
160000,404522,CHRY (LEUCA) X SUP MONTAUK,,
160000,40159UT,CHRYS (LEUCANTH) X FREAK PPAF,,
160000,026621,CHRYS (LEUCANTH) X SUP AGLAIA,,
160000,02302UT,CHRYS (LEUCANTH) X SUP BECKY,,
160000,023021,CHRYS (LEUCANTH) X SUP BECKY,,
160000,023022,CHRYS (LEUCANTH) X SUP BECKY,,
160000,02661UT,CHRYS (LEUCANTH) X SUP CRAZY,,
160000,026611,CHRYS (LEUCANTH) X SUP CRAZY,,
160000,404481,CHRYS (LEUCANTH) X SUP SANTE,,
160000,00422UT,CHRYS (LEUCANTH) X SUP SNOWCAP,,
160000,004221,CHRYS (LEUCANTH) X SUP SNOWCAP,,
160000,004222,CHRYS (LEUCANTH) X SUP SNOWCAP,,
160000,061601,DIETES IRIDIOIDES (MORAEA),,
160000,061605,DIETES IRIDIOIDES (MORAEA),,
160000,046741,DIETES X KATRINA R PP 21460,,
160000,046741S,DIETES X KATRINA R PP 21460,,
160000,046742,DIETES X KATRINA R PP 21460,,
160000,046745,DIETES X KATRINA R PP 21460,,
160000,07224UT,DORONICUM OR LEONARDO ™ COMP,,
160000,072241,DORONICUM OR LEONARDO ™ COMP,,
160000,026021,GAURA L BALLERINA ROSE PP14635,,
160000,026181,GAURA L BALLERINA WHIT PP20326,,
160000,058861,GAURA L GEYSER WHITE,,
160000,412661,GAURA L LITTLE JANIE,,
160000,07587UT,GAURA L PASS BLUSH PP 17293,,
160000,02809UT,GAURA L PINK CLOUD,,
160000,028091,GAURA L PINK CLOUD,,
160000,086711,GAURA L PINK LADY PP17494,,
160000,007061,GAURA L ROSY JANE R,,
160000,03796UT,GAURA L SISKIYOU PINK,,
160000,037961,GAURA L SISKIYOU PINK,,
160000,03568UT,GAURA L WHIRLING BUTTERFLIES,,
160000,035681,GAURA L WHIRLING BUTTERFLIES,,
160000,036481,GAURA PASSIONATE RAINBW P17002,,
160000,040001,HELIOTROPIUM ARB IOWA,,
160000,057391,LAVANDULA DEN GOODWIN CRK GRAY,,
160000,057392,LAVANDULA DEN GOODWIN CRK GRAY,,
160000,02813RND,LAVANDULA X INT PROVENCE,,
160000,02813UT,LAVANDULA X INT PROVENCE,,
160000,028131,LAVANDULA X INT PROVENCE,,
160000,028132,LAVANDULA X INT PROVENCE,,
160000,02813EPT,LAVANDULA X INT PROVENCE,,
160000,058621,LEUC SUPERBUM BANANACREAM PPAF,,
160000,079431,PENST DELFTS BLE RDG HD P23065,,
160000,079451,PENST HOT PNK RDNG HOOD P23089,,
160000,079461,PENST LAVENDER RIDING HOOD,,
160000,407922,PENST PINA COLADA ROSE RED,,
160000,079441,PENST PRPLE RIDING HOOD P23067,,
160000,094741,PENST RED RIDING HOOD PP18950,,
160000,058341,PENSTEMON CHERRY GLOW,,
160000,058342,PENSTEMON CHERRY GLOW,,
160000,06395UT,PENSTEMON DIGITALIS HUSKER RED,,
160000,063951,PENSTEMON DIGITALIS HUSKER RED,,
160000,025491,PENSTEMON EATONII,,
160000,025491S,PENSTEMON EATONII,,
160000,063861,PENSTEMON GENT PRPL N PRETTY R,,
160000,028511,PENSTEMON HET MARGARITA BOP,,
160000,097741,PENSTEMON PARRYI,,
160000,097741S,PENSTEMON PARRYI,,
160000,405111S,PENSTEMON PINK PRIMA DONNA,,
160000,405132,PENSTEMON PRAIRIE DUSK,,
160000,409001,PENSTEMON ROCK CANDY PINK PPAF,,
160000,409011,PENSTEMON ROCK CANDY PRPL PPAF,,
160000,066791,PENSTEMON X DOROTHY WILSON,,
160000,081631,PENSTEMON X MEX CARILLO PURPLE,,
160000,081641,PENSTEMON X MEX CARILLO ROSE,,
160000,029471,PENSTEMON X MEX RED ROCKS R,,
160000,067781,PENSTEMON X PIKES PEAK PURPL R,,
160000,066811,PENSTEMON X PRETTY PETTICOAT,,
160000,00710UT,PHLOX P LILAC FLAME R PP11802,,
160000,04619UT,PHLOX P PINK FLAME R PP11804,,
160000,00725UT,PHLOX P WHITE FLAME R PP16259,,
160000,405201,PHLOX PAN BUBBLEGUM PINK,,
160000,405201S,PHLOX PAN BUBBLEGUM PINK,,
160000,405221,PHLOX PAN CORAL CREME DROP,,
160000,405221S,PHLOX PAN CORAL CREME DROP,,
160000,411761S,PHLOX PAN COTTON CANDY PP21369,,
160000,01063UT,PHLOX PAN DAVID,,
160000,010631,PHLOX PAN DAVID,,
160000,01064UT,PHLOX PAN EVA CULLUM,,
160000,010641,PHLOX PAN EVA CULLUM,,
160000,01066UT,PHLOX PAN FRANZ SHUBERT,,
160000,010661,PHLOX PAN FRANZ SHUBERT,,
160000,405231,PHLOX PAN GRAPE LOLLIPOP,,
160000,405231,PHLOX PAN GRAPE LOLLIPOP,,
160000,405231,PHLOX PAN GRAPE LOLLIPOP,,
160000,064531,PHLOX PAN ICE CAP,,
160000,064611,PHLOX PAN RED EYES,,
160000,06254UT,PHLOX PANICULATA LAURA,,
160000,405181,PHLOX PAPARAZZI ™ LINDSEY PAF,,
160000,405191,PHLOX PAPARAZZI ™ MILEY PPAF,,
160000,405241,PHLOX PEPPERMINT TWIST P18196,,
160000,06436UT,PHLOX STOL SHERWOOD PURPLE,,
160000,031211,PHLOX VLCNO R PK RD EYE P16341,,
160000,023691,PHLOX VLCNO R PK WT EYE P16722,,
160000,023701,PHLOX VLCNO R PL WT EYE P16437,,
160000,023711,PHLOX VLCNO R RED PP16721,,
160000,045211,PHLOX VLCNO R RUBY PP16218,,
160000,023731,PHLOX VLCNO R WHITE PP16436,,
160000,064735,PINUS FLEXILIS CESARINI BLUE,,
160000,069711,RATIBIDA COLUMNIFERA,,
160000,071111,RUDBECKIA ERLY BRD GLD PP20286,,
160000,071112,RUDBECKIA ERLY BRD GLD PP20286,,
160000,07101UT,RUDBECKIA FULGIDA GOLDSTURM,,
160000,071011,RUDBECKIA FULGIDA GOLDSTURM,,
160000,071012,RUDBECKIA FULGIDA GOLDSTURM,,
160000,40651UT,RUDBECKIA FULGIDA TOTO MIX,,
160000,055421,RUDBECKIA HIR CHERRY BRANDY,,
160000,070571,RUDBECKIA HIR CHIM CHIMINEE,,
160000,011691,RUDBECKIA HIR INDIAN SUMMER,,
160000,011692,RUDBECKIA HIR INDIAN SUMMER,,
160000,057471,RUDBECKIA HIR TIGER EYE,,
160000,406482,RUDBECKIA HIRTA MARMALADE,,
160000,406492,RUDBECKIA HIRTA RUSTIC COLORS,,
160000,018631,RUDBECKIA LTLE GOLDSTAR P22397,,
160000,018632,RUDBECKIA LTLE GOLDSTAR P22397,,
160000,406501,RUDBECKIA VIETTE'S LITTLE SUZY,,
160000,011881,SETCREASEA PALLIDA,,
160000,097751,SPHAERALCEA AMBIGUA,,
160000,097751S,SPHAERALCEA AMBIGUA,,
160000,077141,TROLLIUS CULT NEW MOON,,
160000,077161,ZANTEDESCHIA 'CRYSTAL BLUSH',,
160000,007751,ZANTEDESCHIA 'NATURAL BOUQUET',,
160000,077181,ZANTEDESCHIA 'RUBY SENSATION',,
160000,413231,ZANTEDESCHIA STRWBERRY DELIGHT,,
160000,07717UT,ZANTEDESCHIA 'SUNSHINE',,
160000,054851,ZAUSCHNERIA CAL CATALINA,,
160000,056011,ZAUSCHNERIA CAL GHOSTLY RED,,
160000,054872,ZAUSCHNERIA ROUTE 66,,
160000,409161,RUDBECKIA SUMMERINA TM YELLOW,,
160000,405231,PHLOX PAN GRAPE LOLLIPOP    ,,
,,,,
,,,,
,,,,
,,,,
,,,,
,,,,
,,,,
,,,,
,,,,
,,,,
,,,,
,,,,
,,,,
,,,,
,,,,
,,,,
,,,,
,,,,
,,,,
,,,,
,,,,
,,,,
,,,,
,,,,
,,,,
,,,,
,,,,
,,,,
,,,,
,,,,
,,,,
,,,,
,,,,
,,,,
,,,,
,,,,
,,,,
,,,,
,,,,
,,,,
,,,,
,,,,
,,,,
,,,,
,,,,
,,,,
,,,,
,,,,
,,,,
,,,,
,,,,
,,,,
,,,,
,,,,
,,,,
,,,,
,,,,
,,,,
,,,,
,,,,
,,,,
,,,,
,,,,
,,,,
,,,,
,,,,
,,,,
,,,,
,,,,
,,,,
,,,,
,,,,
,,,,
,,,,
,,,,
,,,,
,,,,
,,,,
,,,,
,,,,
,,,,
,,,,
,,,,
,,,,
,,,,
,,,,
,,,,
,,,,
,,,,
,,,,
,,,,
,,,,
,,,,
,,,,
,,,,
,,,,
,,,,
,,,,
,,,,
,,,,
,,,,
,,,,
,,,,
,,,,
,,,,
,,,,
,,,,
,,,,
,,,,
,,,,
,,,,
,,,,
,,,,
,,,,
,,,,
,,,,
,,,,
,,,,
,,,,
,,,,
,,,,
,,,,
,,,,
,,,,
,,,,
,,,,
,,,,
,,,,
,,,,
,,,,
,,,,
,,,,
,,,,
,,,,
,,,,
,,,,
,,,,
,,,,
,,,,
,,,,
,,,,
,,,,
,,,,
,,,,
,,,,
,,,,
,,,,
,,,,
,,,,
,,,,
,,,,
,,,,
,,,,
,,,,
,,,,
,,,,
,,,,
,,,,
,,,,
,,,,
,,,,
,,,,
,,,,
,,,,
,,,,
,,,,
,,,,
,,,,
,,,,
,,,,
,,,,
,,,,
,,,,
,,,,
,,,,
,,,,
,,,,
,,,,
,,,,
,,,,
,,,,
,,,,
,,,,
,,,,
,,,,
,,,,
,,,,
,,,,
,,,,
,,,,
,,,,
,,,,
,,,,
,,,,
,,,,
,,,,
,,,,
,,,,
,,,,
,,,,
,,,,
,,,,
,,,,
,,,,
,,,,
,,,,
,,,,
,,,,
,,,,
,,,,
,,,,
,,,,
,,,,
,,,,
,,,,
,,,,
,,,,
,,,,
,,,,
,,,,
,,,,
,,,,
,,,,
,,,,
,,,,
,,,,
,,,,
,,,,
,,,,
,,,,
,,,,
,,,,
,,,,
,,,,
,,,,
,,,,
,,,,
,,,,
,,,,
,,,,
,,,,
,,,,
,,,,
,,,,
,,,,
,,,,
,,,,
,,,,
,,,,
,,,,
,,,,
,,,,
,,,,
,,,,
,,,,
,,,,
,,,,
,,,,
,,,,
,,,,
,,,,
,,,,
,,,,
,,,,
,,,,
,,,,
,,,,
,,,,
,,,,
,,,,
,,,,
,,,,
,,,,
,,,,
,,,,
,,,,
,,,,
,,,,
,,,,
,,,,
,,,,
,,,,
,,,,
,,,,
,,,,
,,,,
,,,,
,,,,
,,,,
,,,,
,,,,
,,,,
,,,,
,,,,
,,,,
,,,,
,,,,
,,,,
,,,,
,,,,
,,,,
,,,,
,,,,
,,,,
,,,,
,,,,
,,,,
,,,,
,,,,
,,,,
,,,,
,,,,
,,,,
,,,,
,,,,
,,,,
,,,,
,,,,
,,,,
,,,,
,,,,
,,,,
,,,,
,,,,
,,,,
,,,,
,,,,
,,,,
,,,,
,,,,
,,,,
,,,,
,,,,
,,,,
,,,,
,,,,
,,,,
,,,,
,,,,
,,,,
,,,,
,,,,
,,,,
,,,,
,,,,
,,,,
,,,,
,,,,
,,,,
,,,,
,,,,
,,,,
,,,,
,,,,
,,,,
,,,,
,,,,
,,,,
,,,,
,,,,
,,,,
,,,,
,,,,
,,,,
,,,,
,,,,
,,,,
,,,,
,,,,
,,,,
,,,,
,,,,
,,,,
,,,,
,,,,
,,,,
,,,,
,,,,
,,,,
,,,,
,,,,
,,,,
,,,,
,,,,
,,,,
,,,,
,,,,
,,,,
,,,,
,,,,
,,,,
,,,,
,,,,
,,,,
,,,,
,,,,
,,,,
,,,,
,,,,
,,,,
,,,,
,,,,
,,,,
,,,,
,,,,
,,,,
,,,,
,,,,
,,,,
,,,,
,,,,
,,,,
,,,,
,,,,
,,,,
,,,,
,,,,
,,,,
,,,,
,,,,
,,,,
,,,,
,,,,
,,,,
,,,,
,,,,
,,,,
,,,,
,,,,
,,,,
,,,,
,,,,
,,,,
,,,,
,,,,
,,,,
,,,,
,,,,
,,,,
,,,,
,,,,
,,,,
,,,,
,,,,
,,,,
,,,,
,,,,
,,,,
,,,,
,,,,
,,,,
,,,,
,,,,
,,,,
,,,,
,,,,
,,,,
,,,,
,,,,
,,,,
,,,,
,,,,
,,,,
,,,,
,,,,
,,,,
,,,,
,,,,
,,,,
,,,,
,,,,
,,,,
,,,,
,,,,
,,,,
,,,,
,,,,
,,,,
,,,,
,,,,
,,,,
,,,,
,,,,
,,,,
,,,,
,,,,
,,,,
,,,,
,,,,
,,,,
,,,,
,,,,
,,,,
,,,,
,,,,
,,,,
,,,,
,,,,
,,,,
,,,,
,,,,
,,,,
,,,,
,,,,
,,,,
,,,,
,,,,
,,,,
,,,,
,,,,
,,,,
,,,,
,,,,
,,,,
,,,,
,,,,
,,,,
,,,,
,,,,
,,,,
,,,,
,,,,
,,,,
,,,,
,,,,
,,,,
,,,,
,,,,
,,,,
,,,,
,,,,
,,,,
,,,,
,,,,
,,,,
,,,,
,,,,
,,,,
,,,,
,,,,
,,,,
,,,,
,,,,
,,,,
,,,,
,,,,
,,,,
,,,,
,,,,
,,,,
,,,,
,,,,
,,,,
,,,,
,,,,
,,,,
,,,,
,,,,
,,,,
,,,,
,,,,
,,,,
,,,,
,,,,
,,,,
,,,,
,,,,
,,,,
,,,,
"? 2007,2009 Monrovia Nursery Company. This information may represent Trade Secret information and may not be distributed without permission.",,,,
