Branch,Item,Description
160000,02834,Abelia kaleidoscope P.P. # 16988
160000,00020,Abutilon X 'Moned' (2000) Super Red® Flowering Maple
160000,00048,Acer ginnala 'Mondy' (1991) Red Rhapsody® Amur Maple
160000,03528,AGAPANTHUS AFR SUN STRIPE®
160000,00188,"Agapanthus hybrid 'Monmid', Midknight Blue ®"
160000,05000,Agapanthus inapterus Graskop  Dan Hinkley Collection®
160000,09957,Agapanthus orientalis 'Baby Pete' P.P.A.F (2009) Baby Pete Agapanthus
160000,00196,Albizzia julibrissia 'Boubri' Ombrella™
160000,07911,ALOE HYBRID SUPER RED®
160000,04031,Alyogyne huegellii 'Monleon' Leon's Purple Delight™ 
160000,00595,AZALEA IMPERIAL PRINCESS™ 
160000,04977,Azara microphylla Dan Hinkley Collection®
160000,05002,Beesia deltophylla Dan Hinkley Collection®
160000,02394,Berberis thunbergii 'Criruzam' Crimson Ruby® Japanese Barberry
160000,40977,Berberis thunbergii 'Joyce' Golden Jackpot® Barberry
160000,40978,Berberis thunbergii 'Martha Red3' Lava Nugget™
160000,01203,Berberis thunbergii 'Monlers' Plant Patent No. 9577 Golden Nugget ™ 
160000,01201,Berberis thunbergii 'Monomb' Cherry Bomb ®
160000,01193,Berberis thunbergii 'Monry' P.P. #11332 Sunsation ® 
160000,03524,Berberis thunbergii 'Pygruzam' Pygmy Ruby™
160000,01290,"Bougainvillea  'Monle"" (1970) Camarillo Fiesta® Bougainvillea"
160000,01315,Bougainvillea 'Manila Red' P.P. #2630 (1970) Manila Red Bougainvillea
160000,01302,Bougainvillea 'Monan' (1985) Tahitian Dawn® Bougainvillea
160000,01345,Bougainvillea 'Monas' (1951) Texas Dawn™ Bougainvillea
160000,01266,Bougainvillea 'Moncliff' Gold Rush™ 
160000,01305,Bougainvillea 'Moneth' Purple Queen ® 
160000,01648,Bougainvillea 'Moneth' Variegata P.P.A.F. Golden Jackpot™ 
160000,01303,Bougainvillea 'Monio' P.P. #4995 (1982) Don Mario® Bougainvillea
160000,01326,Bougainvillea 'Monka' P.P. # 6959 Oo-La-La ®
160000,01357,Buddleja davidii 'Monite' Petite Snow ™  
160000,01377,Buddleja davidii Nanhoensis 'Mongo' Petite Indigo ®
160000,01376,Buddleja davidii Nanhoensis 'Monum' Petite Plum ®
160000,05761,BUXUS MIC-MIKE FARROW Petite Pillar®
160000,09078,Buxus microphylla 'Golden Triumph' P.P.A.F.
160000,01390,Buxus sempervirens 'Monrue' P.P.# 15243 Green Tower™
160000,09292,Callicarpa dichotoma Summer Snow ®  - Dan Hinkley Collection®
160000,04676,"CALLISTEMON SCARLET TORCH™ 'RutCall' P.P.#23,848"
160000,02271,Campsis radicans 'Monbal' (2002) Balboa Sunset® Trumpet Vine
160000,01741,Canna cndica 'Mactro' P.P. #13809 Tropicana™ Gold
160000,02921,Canna indica 'Lon01' P.P.A.F. Tropicana ® Black
160000,09970,Canna indica 'Phasion' P.P. # 13809 Tropicana™
160000,09289,Caryopteris X clandonensis 'Korball' Blue Balloon®
160000,05127,CEDRUS DEO FEELIN SUNNY™ PP23886
160000,02328,Cedrus deo Feelin Blue 
160000,01785,Cercis Lavendar Twist™ P.P. # 10328
160000,03100,Chaenomeles japonica 'Moned' (1985) Super Red® Flowering Quince
160000,03383,CHAM L SNOW QUEEN-GUARDIAN®
160000,05033,Chamaecyparis lawsoniana 'Snow White' The Guardian® Series
160000,03381,Chamaeocyparis lawsoniana 'Blue Surprise' - The Guardian™  Series
160000,02363,Chamaeocyparis lawsoniana 'Golden King' - The Guardian™ Series
160000,03380,Chamaeocyparis lawsoniana 'Yvonne' - The Guardian™ Series
160000,02415,Chilopsis linearis 'Monhews' P.P.# 11078 Timeless Beauty™ 
160000,05539,Clematis montana Pink-a Boo (R) - Dan Hinkley Collection®
160000,04625,Clematis X 'Vancouver Starry Skies'
160000,02810,Cortaderia selloana 'Monvin' P.P. #5136 (1991) Sun Stripe® Variegated Pampas Grass
160000,02804,Cortaderia selloana 'Pumila' Ivory Feathers ®
160000,08300,Cuphea hyssopifolia 'Monga' Itsy Bitsy® White
160000,08304,Cuphea hyssopifolia 'Monshi'  Itsy Bitsy® Lilac
160000,03012,Cuphea hyssopifolia 'Montroy' (2006) Itsy Bitsy® Rose False Heather
160000,03051,CUPRESSOCYPARIS LEYDANDII 'MONCAL' EMERALD ISLE® 
160000,03073,Cupressus sempervirens 'Monshel' P.P. #12933 Tiny Tower™ 
160000,03075,Cupressus sempervirens Swanes Golden P.P.# 3839
160000,04923,Daphne transatlantica 'Blafra' Eternal Fragrance P.P. #18361
160000,04982,Daphne X houtteana 'February Palm'  - Dan Hinkley Collection®
160000,03159,Deutzia X 'Monzia' (1991) Pink-A-Boo® Deutzia
160000,04674,Dietes X 'Nola Alba' P.P.A.F. (2009) Katrina™ African Iris
160000,08582,DISPORUM CANT 'MOONLIGHT' PP24556
160000,04983,Disporum cantoniense 'Green Giant'  - Dan Hinkley Collection®
160000,05061,Drimys lanceolata  - Dan Hinkley Collection®
160000,04984,Drimys winteri Var. Chiloense Pewter Pillar™  - Dan Hinkley Collection®
160000,03196,Elaeocarpus decipiens (1995) Japanese Blueberry Tree - Shogun Series
160000,01662,Elaeocarpus decipiens 'Monproud' P.P.A.F. Little Emperor™ 
160000,02440,Eugenia Lemon Swirl®
160000,03325,Eugenia myrtifolia 'Nanum' Teenie Genie ® 
160000,03430,EUONYMUS FORTUNEI GOLDEN PRINCE® 
160000,03512,Euonymus japonica Microphylla 'Moncliff' Sunny Delight™ 
160000,03525,Euonymus japonica 'Moness' Silver Princess ™
160000,03303,FATSIA JAP VAR CAMOUFLAGE™
160000,07760,FICUS CORKY'S HONEY DELIGHT™
160000,01754,Forsythia X intermedia 'Kolgold' Magical® Gold
160000,04986,Fuchsia genii 'Aurea'  - Dan Hinkley Collection®
160000,05063,Fuchsia magellanica 'Hawkshead'  - Dan Hinkley Collection®
160000,04987,Fuchsia magellanica 'Windcliff Flurry'  - Dan Hinkley Collection®
160000,03757,GARDENIA FIRST LOVE®-GRAFT
160000,03767,Gardenia jasminoides 'Aimee' First Love ®
160000,01727,GELSEMIUM SEMPERVIRENS & G. RANKINII DOUBLE SHOT® 
160000,,Hemerocallis hybrid Starburst ® Varieties
160000,03983,Hemerocallis X 'Malja' P.P.# 14221 Golden Zebra®
160000,06418,HESPERALOE BRK LIGHTS® PP21729
160000,09142,HIB R RED DARLING®
160000,04115,Hibiscus rosa-sinensis 'Fiesta' P.P. #2760 (1965) Fiesta Hibiscus
160000,04150,Hibiscus rosa-sinensis 'Mongon (1960) Red Dragon™ Hibiscus
160000,04120,Hibiscus rosa-sinensis 'Monoon' (1956) Fullmoon® Hibiscus
160000,04807,Hibiscus rosa-sinensis 'Monora' P.P. #6473 (1987) Bridal Veil® Hibiscus
160000,09182,Hibiscus rosa-sinensis Red Passion®
160000,05636,Holboellia coriacea 'Cathedral Gem'  - Dan Hinkley Collection®
160000,05637,Holboellia latifolia 'Ritak'  - Dan Hinkley Collection®
160000,05263,HOSTA FROSTY RIBBONS™ PPAF
160000,05645,HYD ASPERA PLUM PASSION®
160000,09275,HYD M ENCHANTRESS® PPAF
160000,06383,Hydrangea angustipetala 'Monlongshou' Golden Crane™  - Dan Hinkley Collection®
160000,41079,Hydrangea arborescens (New Name Pending)
160000,05243,Hydrangea integrifolia Taiping Shan Climbing Hydrangea  - Dan Hinkley Collection®
160000,04197,Hydrangea macrophylla 'Monink' Pink 'N Pretty ®
160000,04198,Hydrangea macrophylla 'Monred' Red 'N Pretty ®
160000,04228,Hydrangea macrophylla 'Monrey' P.P. # 11405 Buttons 'N Bows ® 
160000,04207,Hydrangea Macrophylla 'Pia' Pink Elf ® 
160000,41080,Hydrangea pan PLF2 (New Name Pending)
160000,41081,Hydrangea pan Scoop (New Name Pending)
160000,04202,Hydrangea paniculata 'Ruby' P.P. # 10751 Angel's Blush ® 
160000,02832,Hydrangea quercifolia 'Vaughn's Lillie' ® P.P.#12982
160000,04305,Ilex aquifolium 'Monvila' P.P. # 5143 Gold Coast ®
160000,04513,ILEX X BERRI-MAGIC®
160000,09265,ILEX X EMRLD COLONNADE™ PPAF
160000,02109,ILEX X SCALLYWAG™ PP21941
160000,08074,JASMINUM SUMMER SOUL™ PPAF
160000,05467,JATROPHA INT PETITE PINKIE™
160000,04800,JUNIPERUS CHINENSIS 'MONLEP' MINT JULEP® 
160000,04903,Juniperus communis 'Mondap'  Alpine Carpet® 
160000,04990,Juniperus horizontalis 'Monber' P.P. # 9639 Icee Blue ® 
160000,05165,Juniperus sabina 'Monard' P.P. # 6656 Moor-Dense ®
160000,05175,Juniperus sabina 'Monna' Calgary Carpet ®
160000,04813,Juniperus X pfitzeriana 'Monsan' P.P. #17622 (2005) Sea Of Gold ™ Juniper
160000,05540,Lagerstroemia indica 'Moners' Petite Embers ™  
160000,05550,Lagerstroemia indica 'Monhid' Petite Orchid ™  
160000,05570,Lagerstroemia indica 'Monimp' Petite Red Imp ™
160000,05560,Lagerstroemia indica 'Monkie' Petite Pinkie ™
160000,05580,Lagerstroemia indica 'Monow' Petite Snow ™ 
160000,05565,Lagerstroemia indica 'Monum' Petite Plum ®
160000,05450,Lagerstroemia indica 'Peppermint Lace' P.P. #3169 (1970) Peppermint Lace Crape Myrtle
160000,02446,Lantana camara 'Monike'P.P. #17612 (2005) Teenie Genie® Compact Lantana
160000,05687,Lantana camara 'Variegata' Lemon Swirl ®
160000,05703,Lantana sellowiana 'Monma' White Lightnin' ®
160000,05723,Lantana sellowiana 'Monswee' P.P. # 7626 Lavender Swirl™ 
160000,05720,Lantana X 'Mone' (1958) Tangerine™ Spreading Lantana
160000,05695,Lantana X 'Moni' P.P. #1478 (1958) Confetti Spreading Lantana
160000,05710,Lantana X 'Monine' (1958) Spreading Sunshine® Lantana
160000,05705,Lantana X Spreading Sunset' P.P. #1477 (1958) Spreading Sunset™ Lantana
160000,05715,Lantana X 'Sunburst' P.P. #1842 (1985) Sunburst™ Spreading Lantana
160000,07993,LAURUS NOB LITTLE RAGU™ PPAF
160000,02147,LAURUS NOBILIS EMERALD WAVE®
160000,02848,Lavandula angustifolia 'Thumbelina Leigh' P.P.A.F.
160000,01784,Lavandula stoechas 'Hazel' P.P.A.F.
160000,02659,Lavandula stoechas 'Winter Bee'  P.P.A.F.
160000,07574,LITHODORA SWIRLIN GRACE™ PPAF
160000,05918,Lonicera periclymenum 'Monul' (1988) Berries Jubilee® Flowering Woodbine
160000,05923,Loropetalum chinense Rubrum 'Monraz' Razzleberri ®
160000,05959,Magnolia X 'Felix Jury' P.P.A.F.
160000,05958,Magnolia X soulangiana 'Jurmag1' P.P.A.F. Black Tulip™
160000,06121,Mandevilla X amabilis 'Monite' P.P. #12123 Moonlight Parfait ®
160000,06129,Mandevilla X amabilis 'Monrey' P.P.# 14290 Tango  Twirl® 
160000,06119,Mandevilla X amabilis 'Rita Marie Green' Pp #11787 Pink Parfait™
160000,09128,Michelia X 'Micjur01' P.P.A.F. Fairy Magnolia™
160000,04725,Mukdenia rossii 'Crimson Fans'  - Dan Hinkley Collection®
160000,06222,Nandina domestica 'Monfar' P.P. #14693 Sienna Sunrise®
160000,06221,Nandina domestica 'Monum'  P.P. #12069 Plum Passion ®
160000,06299,Olea europaea 'Monher' P.P. #5649 (1985) Majestic Beauty® Fruitless Olive
160000,06304,Olea europaea 'Montra' Plant Patent No. 6266 Little Ollie ®
160000,03908,Paeonia (Itoh) 'Bartzella'
160000,03909,Paeonia (Itoh) 'Cora Louise'
160000,03913,Paeonia (Itoh) 'Julia Rose'
160000,03914,Paeonia (Itoh) 'Kopper Kettle'
160000,04432,Paeonia (Itoh) 'Sequestered Sunshine'
160000,04708,PAEONIA ITOH KEIKO™ (PINK)
160000,05260,PAEONIA ITOH MISAKA™ PP22192
160000,05259,PAEONIA ITOH TAKARA™ PP22374
160000,04707,PAEONIA ITOH YUMI™ (YLW)
160000,00247,Parthenocissus quinquefolia 'Monham' P.P. #10128 (1996) Star Showers® Virginia Creeper
160000,06393,"Physocarpus opulifolius 'Monlo"" P.P. #11211 (1999) Diablo Ninebark"
160000,40989,Physocarpus opulifolius 'POIPD2' Petite Plum®
160000,01937,PICEA GL CONICA TINY TOWER®
160000,03874,PICEA PUN SPARKLER®
160000,04943,PIERIS J CABERNET Enchanted Forest™ Gay Goblin™
160000,04948,PIERIS J Enchanted Forest™ Sunsprite™ 
160000,05121,PIERIS J RIVER RUN Enchanted Forest™ River Nymph™ 
160000,04947,PIERIS J Shy Enchanted Forest™ Impish Elf™ 
160000,06542,Pinus cembra 'Klein' Silver Whispers™
160000,06566,PINUS THUNBERGIANA 'MONINA' MAJESTIC BEAUTY® 
160000,09083,Pittosporum illiciodes 'Montoroko' Formosan Fingers™  - Dan Hinkley Collection®
160000,01658,Pittosporum tenuifolium 'Golf Ball' P.P.# 15329 Golf Ball
160000,05142,Pittosporum tenuifolium 'Tasman Ruffles'  - Dan Hinkley Collection®
160000,06587,Pittosporum tobira 'Shima' P.P. #6449 (1994) Cream De Mint™ Dwarf Mock Orange
160000,06637,Plumbago auriculata 'Monott' P.P. #7822 (1992) Royal Cape® Plumbago
160000,06636,PLUMBAGO WHITE CAPE® PP13953
160000,08655,Podocarpus elongatus 'Monmal' Icee Blue® 
160000,08000,Polyspora longicarapa Red Rhapsody® PPAF
160000,06678,Potentilla fruticosa 'Monsidh' P.P. #10987 (1988) Frosty® Potentilla
160000,06677,Potentilla fruticosa 'Red Ace' .P. #4226 (1975) Red Ace Potentilla
160000,06100,Prunus caroliniana 'Monus' Bright 'N Tight ™
160000,02802,Prunus serrulata 'Taizo' (2009) Angel's Blush Flowering Cherry *New*
160000,06801,Punica granatum 'Smith' P.P. 16578 Angel Red®
160000,06770,PYRACANTHA AGUSTIFOLIA 'MONON' YUKON BELLE® 
160000,06860,Pyracantha hybrid 'Monelf' Red Elf ™ 
160000,03986,Quercus nuttallii 'Monpowe' Charisma®
160000,06985,Rhaphiolepis indica 'Monto' P.P. #5862 (1987) Indian Princess® Indian Hawthorn
160000,04675,Rhaphiolepis umbellata 'Rutrhaph1' P.P.A.F. Southern Moon™
160000,06960,Rhaphiolepis X 'Montic' P.P. #3349 (1973) Majestic Beauty® Indian Hawthorn
160000,41201,Rhododendron 'RLH1-9P7' PPAF Double Shot® Watermelon Azalea
160000,41203,Rhododendron x ‘RLH1-14P14’ PPAF Double Shot® Grape Azalea
160000,01977,Rhododendron X 'Hoopla' (H-1)
160000,01979,Rhododendron X Huskymania' (H-1)
160000,01974,Rhododendron X 'Slam Dunk' (H-1)
160000,09429,Salvia X 'Blast'  P.P.A.F.
160000,09945,Salvia X 'Blaze' P.P.A.F.
160000,09426,Salvia X 'Glimmer' P.P.A.F.
160000,09427,Salvia X 'Glitter' P.P.A.F.
160000,07664,SAXIFRAGA FORT BERRY BRIGHT™
160000,07673,SAXIFRAGA FORTUNEI PINK ELF®
160000,04995,Schefflera taiwaniana 'Yuan Shan'  - Dan Hinkley Collection®
160000,07576,Schizophragma 8170 Red Select  Red Rhapsody ®
160000,05541,SCHIZOPHRAGMA LACY HEARTS™
160000,04996,Solanum crispum 'Glasnevin'
160000,07123,Spiraea X bumalda 'Monhub' P.P. # 5834 Limemound ™  
160000,02011,Spiraea X bumalda 'Monhud' Golden Sunrise™ 
160000,05065,Stachyurus salicifolia 'Monemeri' Sparkler ®  - Dan Hinkley Collection®
160000,01766,Symphoricarpos 'Bokrabright' P.P.# 14570 Bright Fantasy™ 
160000,01769,Symphoricarpos 'Scarlet Pearl' P.P.# 13244 Scarlet Pearl
160000,07215,Syringa vulgaris 'Lavender Lady' P.P. #1238 (1953) Lavender Lady Lilac
160000,07179,Syringa vulgaris 'Monore' #6877 (1987) Blue Skies® Lilac
160000,07234,Taxus cuspidata 'Monloo' P.P. #10335 Emerald Spreader ® 
160000,05514,THUJA X EMBER WAVES™ PPAF
160000,07240,THUJA X TINY TOWER® PPAF
160000,03091,TRACH ASIATICUM FIRST SNOW®
160000,05312,Trochodendron araliodes  - Dan Hinkley Collection®
160000,05132,TSUGA C GOLDEN DUCHESS™ PPAF
160000,07343,Tsuga canadensis 'Monler' Emerald Fountain ®  
160000,05623,Vaccinium corymbosum 'Flx - 2' P.P.A.F. Bountiful Blue™
160000,40976,Weigela Crimson Kisses™
160000,01757,Weigela florida 'Kolsunn' P.P.# 13567 Magical® Fantasy
160000,40997,Weigela florida 'WFMOBLA' PPAF Coco Krunch™
,,
,,
,,
,,
,,
,,
,,
,,
,,
,,
,,
,,
,,
,,
,,
,,
,,
,,
,,
,,
,,
,,
,,
,,
,,
,,
,,
,,
,,
,,
,,
,,
,,
,,
,,
,,
,,
,,
,,
,,
,,
,,
,,
,,
,,
,,
,,
,,
,,
,,
,,
,,
,,
,,
,,
,,
,,
,,
,,
,,
,,
,,
,,
,,
,,
,,
,,
,,
,,
,,
,,
,,
,,
,,
,,
,,
,,
,,
,,
,,
,,
,,
,,
,,
,,
,,
,,
,,
,,
,,
,,
,,
,,
,,
,,
,,
,,
,,
,,
,,
,,
,,
,,
,,
,,
,,
,,
,,
,,
,,
,,
,,
,,
,,
,,
,,
,,
,,
,,
,,
,,
,,
,,
,,
,,
,,
,,
,,
,,
,,
,,
,,
,,
,,
,,
,,
,,
,,
,,
,,
,,
,,
,,
,,
,,
,,
,,
,,
,,
,,
,,
,,
,,
,,
,,
,,
,,
,,
,,
,,
,,
,,
,,
,,
,,
,,
,,
,,
,,
,,
,,
,,
,,
,,
,,
,,
,,
,,
,,
,,
,,
,,
,,
,,
,,
,,
,,
,,
,,
,,
,,
,,
,,
,,
,,
,,
,,
,,
,,
,,
,,
,,
,,
,,
,,
,,
,,
,,
,,
,,
,,
,,
,,
,,
,,
,,
,,
,,
,,
,,
,,
,,
,,
,,
,,
,,
,,
,,
,,
,,
,,
,,
,,
,,
,,
,,
,,
,,
,,
,,
,,
,,
,,
,,
,,
,,
,,
,,
,,
,,
,,
,,
,,
,,
,,
,,
,,
,,
,,
,,
,,
,,
,,
,,
,,
,,
,,
,,
,,
,,
,,
,,
,,
,,
,,
,,
,,
,,
,,
,,
,,
,,
,,
,,
,,
,,
,,
,,
,,
,,
,,
,,
,,
,,
,,
,,
,,
,,
,,
,,
,,
,,
,,
,,
,,
,,
,,
,,
,,
,,
,,
,,
,,
,,
,,
,,
,,
,,
,,
,,
,,
,,
,,
,,
,,
,,
,,
,,
,,
,,
,,
,,
,,
,,
,,
,,
,,
,,
,,
,,
,,
,,
,,
,,
,,
,,
,,
,,
,,
,,
,,
,,
,,
,,
,,
,,
,,
,,
,,
,,
,,
,,
,,
,,
,,
,,
,,
,,
,,
,,
,,
,,
,,
,,
,,
,,
,,
,,
,,
,,
,,
,,
,,
,,
,,
,,
,,
,,
,,
,,
,,
,,
,,
,,
,,
,,
,,
,,
,,
,,
,,
,,
,,
,,
,,
,,
,,
,,
,,
,,
,,
,,
,,
,,
,,
,,
,,
,,
,,
,,
,,
,,
,,
,,
,,
,,
,,
,,
,,
,,
,,
,,
,,
,,
,,
,,
,,
,,
,,
,,
,,
,,
,,
,,
,,
,,
,,
,,
,,
,,
,,
,,
,,
,,
,,
,,
,,
,,
,,
,,
,,
,,
,,
,,
,,
,,
,,
,,
,,
,,
,,
,,
,,
,,
,,
,,
,,
,,
,,
"? 2007,2009 Monrovia Nursery Company. This information may represent Trade Secret information and may not be distributed without permission.",,
